datetime,region,demand_mw
2025-01-01 00:00:00,GBA,4782.71
2025-01-01 01:00:00,GBA,4795.7
2025-01-01 02:00:00,GBA,4819.53
2025-01-01 03:00:00,GBA,4933.53
2025-01-01 04:00:00,GBA,4850.34
2025-01-01 05:00:00,GBA,4702.26
2025-01-01 06:00:00,GBA,4938.04
2025-01-01 07:00:00,GBA,4882.19
2025-01-01 08:00:00,GBA,4904.25
2025-01-01 09:00:00,GBA,4960.07
2025-01-01 10:00:00,GBA,4989.77
2025-01-01 11:00:00,GBA,5117.1
2025-01-01 12:00:00,GBA,5071.68
2025-01-01 13:00:00,GBA,5021.36
2025-01-01 14:00:00,GBA,4934.52
2025-01-01 15:00:00,GBA,4916.17
2025-01-01 16:00:00,GBA,5082.06
2025-01-01 17:00:00,GBA,5224.16
2025-01-01 18:00:00,GBA,5085.91
2025-01-01 19:00:00,GBA,5081.96
2025-01-01 20:00:00,GBA,5172.05
2025-01-01 21:00:00,GBA,4947.05
2025-01-01 22:00:00,GBA,5096.93
2025-01-01 23:00:00,GBA,5205.86
2025-01-02 00:00:00,GBA,5264.1
2025-01-02 01:00:00,GBA,5142.37
2025-01-02 02:00:00,GBA,5228.03
2025-01-02 03:00:00,GBA,5223.87
2025-01-02 04:00:00,GBA,5298.84
2025-01-02 05:00:00,GBA,5081.88
2025-01-02 06:00:00,GBA,5293.77
2025-01-02 07:00:00,GBA,5053.57
2025-01-02 08:00:00,GBA,4930.25
2025-01-02 09:00:00,GBA,5180.75
2025-01-02 10:00:00,GBA,5152.2
2025-01-02 11:00:00,GBA,5375.32
2025-01-02 12:00:00,GBA,5357.6
2025-01-02 13:00:00,GBA,5138.86
2025-01-02 14:00:00,GBA,5393.67
2025-01-02 15:00:00,GBA,5178.13
2025-01-02 16:00:00,GBA,5294.02
2025-01-02 17:00:00,GBA,5274.65
2025-01-02 18:00:00,GBA,5328.75
2025-01-02 19:00:00,GBA,5417.93
2025-01-02 20:00:00,GBA,5400.53
2025-01-02 21:00:00,GBA,5369.71
2025-01-02 22:00:00,GBA,5409.08
2025-01-02 23:00:00,GBA,5391.44
2025-01-03 00:00:00,GBA,5261.28
2025-01-03 01:00:00,GBA,5252.51
2025-01-03 02:00:00,GBA,5283.85
2025-01-03 03:00:00,GBA,5401.39
2025-01-03 04:00:00,GBA,5312.27
2025-01-03 05:00:00,GBA,5622.98
2025-01-03 06:00:00,GBA,5244.37
2025-01-03 07:00:00,GBA,5210.42
2025-01-03 08:00:00,GBA,5433.71
2025-01-03 09:00:00,GBA,5510.93
2025-01-03 10:00:00,GBA,5399.44
2025-01-03 11:00:00,GBA,5437.13
2025-01-03 12:00:00,GBA,5505.71
2025-01-03 13:00:00,GBA,5320.63
2025-01-03 14:00:00,GBA,5158.18
2025-01-03 15:00:00,GBA,5261.78
2025-01-03 16:00:00,GBA,5436.35
2025-01-03 17:00:00,GBA,5144.82
2025-01-03 18:00:00,GBA,5317.85
2025-01-03 19:00:00,GBA,5339.7
2025-01-03 20:00:00,GBA,5266.64
2025-01-03 21:00:00,GBA,5386.29
2025-01-03 22:00:00,GBA,5363.84
2025-01-03 23:00:00,GBA,5567.17
2025-01-04 00:00:00,GBA,5357.23
2025-01-04 01:00:00,GBA,5203.73
2025-01-04 02:00:00,GBA,5203.28
2025-01-04 03:00:00,GBA,5164.55
2025-01-04 04:00:00,GBA,5372.1
2025-01-04 05:00:00,GBA,5183.13
2025-01-04 06:00:00,GBA,5235.92
2025-01-04 07:00:00,GBA,5327.34
2025-01-04 08:00:00,GBA,5143.57
2025-01-04 09:00:00,GBA,5188.02
2025-01-04 10:00:00,GBA,4995.1
2025-01-04 11:00:00,GBA,5078.89
2025-01-04 12:00:00,GBA,5133.35
2025-01-04 13:00:00,GBA,5244.03
2025-01-04 14:00:00,GBA,5330.0
2025-01-04 15:00:00,GBA,5177.21
2025-01-04 16:00:00,GBA,5203.45
2025-01-04 17:00:00,GBA,5184.93
2025-01-04 18:00:00,GBA,5287.68
2025-01-04 19:00:00,GBA,5257.51
2025-01-04 20:00:00,GBA,5176.02
2025-01-04 21:00:00,GBA,5014.83
2025-01-04 22:00:00,GBA,5237.62
2025-01-04 23:00:00,GBA,5168.12
2025-01-05 00:00:00,GBA,5262.95
2025-01-05 01:00:00,GBA,5105.6
2025-01-05 02:00:00,GBA,5337.2
2025-01-05 03:00:00,GBA,5053.57
2025-01-05 04:00:00,GBA,5281.8
2025-01-05 05:00:00,GBA,5098.64
2025-01-05 06:00:00,GBA,5017.29
2025-01-05 07:00:00,GBA,4938.46
2025-01-05 08:00:00,GBA,5050.63
2025-01-05 09:00:00,GBA,5234.68
2025-01-05 10:00:00,GBA,5157.23
2025-01-05 11:00:00,GBA,5137.59
2025-01-05 12:00:00,GBA,4765.76
2025-01-05 13:00:00,GBA,5132.41
2025-01-05 14:00:00,GBA,5110.32
2025-01-05 15:00:00,GBA,4974.47
2025-01-05 16:00:00,GBA,4962.33
2025-01-05 17:00:00,GBA,5034.82
2025-01-05 18:00:00,GBA,5239.9
2025-01-05 19:00:00,GBA,4904.45
2025-01-05 20:00:00,GBA,4978.23
2025-01-05 21:00:00,GBA,5191.83
2025-01-05 22:00:00,GBA,4974.09
2025-01-05 23:00:00,GBA,4983.49
2025-01-06 00:00:00,GBA,5038.87
2025-01-06 01:00:00,GBA,4878.49
2025-01-06 02:00:00,GBA,5054.52
2025-01-06 03:00:00,GBA,4884.02
2025-01-06 04:00:00,GBA,5136.83
2025-01-06 05:00:00,GBA,5032.8
2025-01-06 06:00:00,GBA,5308.62
2025-01-06 07:00:00,GBA,5070.87
2025-01-06 08:00:00,GBA,5204.0
2025-01-06 09:00:00,GBA,4887.05
2025-01-06 10:00:00,GBA,5032.48
2025-01-06 11:00:00,GBA,5089.98
2025-01-06 12:00:00,GBA,5265.14
2025-01-06 13:00:00,GBA,4858.75
2025-01-06 14:00:00,GBA,5184.51
2025-01-06 15:00:00,GBA,5142.13
2025-01-06 16:00:00,GBA,5261.07
2025-01-06 17:00:00,GBA,5168.77
2025-01-06 18:00:00,GBA,5096.11
2025-01-06 19:00:00,GBA,5034.17
2025-01-06 20:00:00,GBA,4954.23
2025-01-06 21:00:00,GBA,5135.02
2025-01-06 22:00:00,GBA,5096.44
2025-01-06 23:00:00,GBA,5370.05
2025-01-07 00:00:00,GBA,5062.76
2025-01-07 01:00:00,GBA,5183.29
2025-01-07 02:00:00,GBA,4965.59
2025-01-07 03:00:00,GBA,5115.7
2025-01-07 04:00:00,GBA,5204.04
2025-01-07 05:00:00,GBA,5281.37
2025-01-07 06:00:00,GBA,5366.28
2025-01-07 07:00:00,GBA,5197.44
2025-01-07 08:00:00,GBA,5079.11
2025-01-07 09:00:00,GBA,5278.75
2025-01-07 10:00:00,GBA,5296.66
2025-01-07 11:00:00,GBA,5304.6
2025-01-07 12:00:00,GBA,5172.69
2025-01-07 13:00:00,GBA,5403.99
2025-01-07 14:00:00,GBA,5289.92
2025-01-07 15:00:00,GBA,5374.85
2025-01-07 16:00:00,GBA,5455.35
2025-01-07 17:00:00,GBA,5387.24
2025-01-07 18:00:00,GBA,5360.24
2025-01-07 19:00:00,GBA,5595.97
2025-01-07 20:00:00,GBA,5378.69
2025-01-07 21:00:00,GBA,5325.76
2025-01-07 22:00:00,GBA,5386.54
2025-01-07 23:00:00,GBA,5562.86
2025-01-08 00:00:00,GBA,5410.96
2025-01-08 01:00:00,GBA,5470.78
2025-01-08 02:00:00,GBA,5563.62
2025-01-08 03:00:00,GBA,5370.2
2025-01-08 04:00:00,GBA,5236.06
2025-01-08 05:00:00,GBA,5490.59
2025-01-08 06:00:00,GBA,5493.5
2025-01-08 07:00:00,GBA,5404.11
2025-01-08 08:00:00,GBA,5592.59
2025-01-08 09:00:00,GBA,5571.79
2025-01-08 10:00:00,GBA,5390.11
2025-01-08 11:00:00,GBA,5582.13
2025-01-08 12:00:00,GBA,5506.63
2025-01-08 13:00:00,GBA,5362.19
2025-01-08 14:00:00,GBA,5604.26
2025-01-08 15:00:00,GBA,5553.98
2025-01-08 16:00:00,GBA,5479.2
2025-01-08 17:00:00,GBA,5640.33
2025-01-08 18:00:00,GBA,5644.8
2025-01-08 19:00:00,GBA,5525.26
2025-01-08 20:00:00,GBA,5650.63
2025-01-08 21:00:00,GBA,5732.09
2025-01-08 22:00:00,GBA,5532.11
2025-01-08 23:00:00,GBA,5670.34
2025-01-09 00:00:00,GBA,5631.59
2025-01-09 01:00:00,GBA,5909.44
2025-01-09 02:00:00,GBA,5419.92
2025-01-09 03:00:00,GBA,5732.32
2025-01-09 04:00:00,GBA,5617.22
2025-01-09 05:00:00,GBA,5646.62
2025-01-09 06:00:00,GBA,5891.09
2025-01-09 07:00:00,GBA,5665.71
2025-01-09 08:00:00,GBA,5939.06
2025-01-09 09:00:00,GBA,5620.06
2025-01-09 10:00:00,GBA,5717.71
2025-01-09 11:00:00,GBA,5618.83
2025-01-09 12:00:00,GBA,5596.48
2025-01-09 13:00:00,GBA,5688.05
2025-01-09 14:00:00,GBA,5647.36
2025-01-09 15:00:00,GBA,5705.83
2025-01-09 16:00:00,GBA,5428.74
2025-01-09 17:00:00,GBA,5920.97
2025-01-09 18:00:00,GBA,5659.52
2025-01-09 19:00:00,GBA,5887.12
2025-01-09 20:00:00,GBA,5555.06
2025-01-09 21:00:00,GBA,5708.51
2025-01-09 22:00:00,GBA,6050.23
2025-01-09 23:00:00,GBA,5562.63
2025-01-10 00:00:00,GBA,5483.68
2025-01-10 01:00:00,GBA,5593.19
2025-01-10 02:00:00,GBA,5710.68
2025-01-10 03:00:00,GBA,5731.95
2025-01-10 04:00:00,GBA,5797.92
2025-01-10 05:00:00,GBA,5606.13
2025-01-10 06:00:00,GBA,5438.17
2025-01-10 07:00:00,GBA,5571.28
2025-01-10 08:00:00,GBA,5764.94
2025-01-10 09:00:00,GBA,5664.22
2025-01-10 10:00:00,GBA,5365.34
2025-01-10 11:00:00,GBA,5587.41
2025-01-10 12:00:00,GBA,5750.46
2025-01-10 13:00:00,GBA,5828.55
2025-01-10 14:00:00,GBA,5631.1
2025-01-10 15:00:00,GBA,5590.8
2025-01-10 16:00:00,GBA,5394.5
2025-01-10 17:00:00,GBA,5431.46
2025-01-10 18:00:00,GBA,5527.28
2025-01-10 19:00:00,GBA,5570.74
2025-01-10 20:00:00,GBA,5568.39
2025-01-10 21:00:00,GBA,5429.51
2025-01-10 22:00:00,GBA,5336.54
2025-01-10 23:00:00,GBA,5369.06
2025-01-11 00:00:00,GBA,5310.94
2025-01-11 01:00:00,GBA,5514.15
2025-01-11 02:00:00,GBA,5146.43
2025-01-11 03:00:00,GBA,5370.67
2025-01-11 04:00:00,GBA,5451.24
2025-01-11 05:00:00,GBA,5566.32
2025-01-11 06:00:00,GBA,5378.51
2025-01-11 07:00:00,GBA,5476.26
2025-01-11 08:00:00,GBA,5294.25
2025-01-11 09:00:00,GBA,5238.74
2025-01-11 10:00:00,GBA,5232.98
2025-01-11 11:00:00,GBA,5482.97
2025-01-11 12:00:00,GBA,5404.72
2025-01-11 13:00:00,GBA,5329.58
2025-01-11 14:00:00,GBA,5656.39
2025-01-11 15:00:00,GBA,5238.54
2025-01-11 16:00:00,GBA,5302.54
2025-01-11 17:00:00,GBA,5250.7
2025-01-11 18:00:00,GBA,5172.91
2025-01-11 19:00:00,GBA,5463.27
2025-01-11 20:00:00,GBA,5351.99
2025-01-11 21:00:00,GBA,4989.22
2025-01-11 22:00:00,GBA,5095.24
2025-01-11 23:00:00,GBA,5180.81
2025-01-12 00:00:00,GBA,5209.7
2025-01-12 01:00:00,GBA,4940.37
2025-01-12 02:00:00,GBA,4818.14
2025-01-12 03:00:00,GBA,4846.85
2025-01-12 04:00:00,GBA,5054.07
2025-01-12 05:00:00,GBA,5037.42
2025-01-12 06:00:00,GBA,5078.64
2025-01-12 07:00:00,GBA,4932.5
2025-01-12 08:00:00,GBA,4865.83
2025-01-12 09:00:00,GBA,4758.12
2025-01-12 10:00:00,GBA,5028.79
2025-01-12 11:00:00,GBA,5022.37
2025-01-12 12:00:00,GBA,5086.09
2025-01-12 13:00:00,GBA,5051.09
2025-01-12 14:00:00,GBA,4922.88
2025-01-12 15:00:00,GBA,5097.56
2025-01-12 16:00:00,GBA,4909.5
2025-01-12 17:00:00,GBA,4837.11
2025-01-12 18:00:00,GBA,4844.83
2025-01-12 19:00:00,GBA,4828.36
2025-01-12 20:00:00,GBA,4630.25
2025-01-12 21:00:00,GBA,4900.85
2025-01-12 22:00:00,GBA,4904.4
2025-01-12 23:00:00,GBA,4823.64
2025-01-13 00:00:00,GBA,4774.53
2025-01-13 01:00:00,GBA,4898.27
2025-01-13 02:00:00,GBA,5053.52
2025-01-13 03:00:00,GBA,4846.32
2025-01-13 04:00:00,GBA,4775.44
2025-01-13 05:00:00,GBA,4760.4
2025-01-13 06:00:00,GBA,4818.41
2025-01-13 07:00:00,GBA,4670.82
2025-01-13 08:00:00,GBA,4803.76
2025-01-13 09:00:00,GBA,4822.73
2025-01-13 10:00:00,GBA,5033.74
2025-01-13 11:00:00,GBA,4922.97
2025-01-13 12:00:00,GBA,4931.61
2025-01-13 13:00:00,GBA,4720.12
2025-01-13 14:00:00,GBA,4884.6
2025-01-13 15:00:00,GBA,4666.4
2025-01-13 16:00:00,GBA,4839.86
2025-01-13 17:00:00,GBA,4852.33
2025-01-13 18:00:00,GBA,4710.13
2025-01-13 19:00:00,GBA,5042.41
2025-01-13 20:00:00,GBA,4871.3
2025-01-13 21:00:00,GBA,4575.96
2025-01-13 22:00:00,GBA,4872.04
2025-01-13 23:00:00,GBA,4758.55
2025-01-14 00:00:00,GBA,4809.66
2025-01-14 01:00:00,GBA,4867.75
2025-01-14 02:00:00,GBA,4861.39
2025-01-14 03:00:00,GBA,4572.78
2025-01-14 04:00:00,GBA,4681.71
2025-01-14 05:00:00,GBA,4916.93
2025-01-14 06:00:00,GBA,4984.12
2025-01-14 07:00:00,GBA,5060.36
2025-01-14 08:00:00,GBA,5052.6
2025-01-14 09:00:00,GBA,4594.01
2025-01-14 10:00:00,GBA,4937.68
2025-01-14 11:00:00,GBA,4620.25
2025-01-14 12:00:00,GBA,5048.88
2025-01-14 13:00:00,GBA,4890.86
2025-01-14 14:00:00,GBA,4728.88
2025-01-14 15:00:00,GBA,5112.51
2025-01-14 16:00:00,GBA,4954.23
2025-01-14 17:00:00,GBA,4655.76
2025-01-14 18:00:00,GBA,4923.75
2025-01-14 19:00:00,GBA,4806.72
2025-01-14 20:00:00,GBA,4913.8
2025-01-14 21:00:00,GBA,4850.65
2025-01-14 22:00:00,GBA,5077.37
2025-01-14 23:00:00,GBA,4747.85
2025-01-15 00:00:00,GBA,4962.84
2025-01-15 01:00:00,GBA,5148.54
2025-01-15 02:00:00,GBA,4837.67
2025-01-15 03:00:00,GBA,4968.21
2025-01-15 04:00:00,GBA,4973.14
2025-01-15 05:00:00,GBA,4872.04
2025-01-15 06:00:00,GBA,5038.36
2025-01-15 07:00:00,GBA,4977.98
2025-01-15 08:00:00,GBA,4858.68
2025-01-15 09:00:00,GBA,5188.84
2025-01-15 10:00:00,GBA,5077.72
2025-01-15 11:00:00,GBA,4967.84
2025-01-15 12:00:00,GBA,4916.48
2025-01-15 13:00:00,GBA,4903.56
2025-01-15 14:00:00,GBA,5150.01
2025-01-15 15:00:00,GBA,4989.11
2025-01-15 16:00:00,GBA,5065.98
2025-01-15 17:00:00,GBA,4992.64
2025-01-15 18:00:00,GBA,5092.42
2025-01-15 19:00:00,GBA,5007.94
2025-01-15 20:00:00,GBA,5116.65
2025-01-15 21:00:00,GBA,5005.85
2025-01-15 22:00:00,GBA,5129.94
2025-01-15 23:00:00,GBA,5113.31
2025-01-16 00:00:00,GBA,5020.56
2025-01-16 01:00:00,GBA,4932.97
2025-01-16 02:00:00,GBA,4924.59
2025-01-16 03:00:00,GBA,4949.42
2025-01-16 04:00:00,GBA,4920.73
2025-01-16 05:00:00,GBA,5142.96
2025-01-16 06:00:00,GBA,5033.3
2025-01-16 07:00:00,GBA,5226.75
2025-01-16 08:00:00,GBA,5310.93
2025-01-16 09:00:00,GBA,5039.0
2025-01-16 10:00:00,GBA,4848.62
2025-01-16 11:00:00,GBA,4986.5
2025-01-16 12:00:00,GBA,5020.72
2025-01-16 13:00:00,GBA,4848.23
2025-01-16 14:00:00,GBA,4993.47
2025-01-16 15:00:00,GBA,5054.23
2025-01-16 16:00:00,GBA,4960.53
2025-01-16 17:00:00,GBA,4918.89
2025-01-16 18:00:00,GBA,4915.09
2025-01-16 19:00:00,GBA,5215.16
2025-01-16 20:00:00,GBA,4975.81
2025-01-16 21:00:00,GBA,4889.18
2025-01-16 22:00:00,GBA,4937.42
2025-01-16 23:00:00,GBA,5089.67
2025-01-17 00:00:00,GBA,4885.57
2025-01-17 01:00:00,GBA,5017.74
2025-01-17 02:00:00,GBA,5039.05
2025-01-17 03:00:00,GBA,5032.99
2025-01-17 04:00:00,GBA,5102.07
2025-01-17 05:00:00,GBA,4858.68
2025-01-17 06:00:00,GBA,5050.93
2025-01-17 07:00:00,GBA,4809.75
2025-01-17 08:00:00,GBA,4846.84
2025-01-17 09:00:00,GBA,5027.14
2025-01-17 10:00:00,GBA,4971.13
2025-01-17 11:00:00,GBA,4861.21
2025-01-17 12:00:00,GBA,4706.17
2025-01-17 13:00:00,GBA,4904.41
2025-01-17 14:00:00,GBA,4748.93
2025-01-17 15:00:00,GBA,4700.98
2025-01-17 16:00:00,GBA,4721.06
2025-01-17 17:00:00,GBA,4815.14
2025-01-17 18:00:00,GBA,4517.5
2025-01-17 19:00:00,GBA,4801.54
2025-01-17 20:00:00,GBA,4765.1
2025-01-17 21:00:00,GBA,4659.86
2025-01-17 22:00:00,GBA,4839.99
2025-01-17 23:00:00,GBA,4774.3
2025-01-18 00:00:00,GBA,4613.37
2025-01-18 01:00:00,GBA,4590.75
2025-01-18 02:00:00,GBA,4739.45
2025-01-18 03:00:00,GBA,4458.85
2025-01-18 04:00:00,GBA,4585.49
2025-01-18 05:00:00,GBA,4534.2
2025-01-18 06:00:00,GBA,4602.75
2025-01-18 07:00:00,GBA,4604.06
2025-01-18 08:00:00,GBA,4567.44
2025-01-18 09:00:00,GBA,4683.48
2025-01-18 10:00:00,GBA,4558.9
2025-01-18 11:00:00,GBA,4477.96
2025-01-18 12:00:00,GBA,4354.7
2025-01-18 13:00:00,GBA,4570.88
2025-01-18 14:00:00,GBA,4531.94
2025-01-18 15:00:00,GBA,4627.01
2025-01-18 16:00:00,GBA,4347.64
2025-01-18 17:00:00,GBA,4425.02
2025-01-18 18:00:00,GBA,4399.42
2025-01-18 19:00:00,GBA,4380.68
2025-01-18 20:00:00,GBA,4377.3
2025-01-18 21:00:00,GBA,4155.33
2025-01-18 22:00:00,GBA,4445.25
2025-01-18 23:00:00,GBA,4410.0
2025-01-19 00:00:00,GBA,4452.82
2025-01-19 01:00:00,GBA,4572.87
2025-01-19 02:00:00,GBA,4250.63
2025-01-19 03:00:00,GBA,4270.8
2025-01-19 04:00:00,GBA,4262.78
2025-01-19 05:00:00,GBA,4481.41
2025-01-19 06:00:00,GBA,4027.61
2025-01-19 07:00:00,GBA,4280.96
2025-01-19 08:00:00,GBA,4033.78
2025-01-19 09:00:00,GBA,3888.41
2025-01-19 10:00:00,GBA,3943.95
2025-01-19 11:00:00,GBA,4009.22
2025-01-19 12:00:00,GBA,4292.26
2025-01-19 13:00:00,GBA,4049.06
2025-01-19 14:00:00,GBA,4115.63
2025-01-19 15:00:00,GBA,3993.35
2025-01-19 16:00:00,GBA,4196.71
2025-01-19 17:00:00,GBA,3981.98
2025-01-19 18:00:00,GBA,4263.56
2025-01-19 19:00:00,GBA,3977.91
2025-01-19 20:00:00,GBA,3997.35
2025-01-19 21:00:00,GBA,4096.34
2025-01-19 22:00:00,GBA,4077.48
2025-01-19 23:00:00,GBA,4238.82
2025-01-20 00:00:00,GBA,4076.08
2025-01-20 01:00:00,GBA,3910.92
2025-01-20 02:00:00,GBA,3983.28
2025-01-20 03:00:00,GBA,3976.91
2025-01-20 04:00:00,GBA,4128.22
2025-01-20 05:00:00,GBA,4083.29
2025-01-20 06:00:00,GBA,4019.39
2025-01-20 07:00:00,GBA,4135.0
2025-01-20 08:00:00,GBA,3964.61
2025-01-20 09:00:00,GBA,4009.53
2025-01-20 10:00:00,GBA,4045.86
2025-01-20 11:00:00,GBA,4206.3
2025-01-20 12:00:00,GBA,4010.29
2025-01-20 13:00:00,GBA,3979.66
2025-01-20 14:00:00,GBA,3896.34
2025-01-20 15:00:00,GBA,4104.69
2025-01-20 16:00:00,GBA,3952.8
2025-01-20 17:00:00,GBA,4065.94
2025-01-20 18:00:00,GBA,3798.31
2025-01-20 19:00:00,GBA,4153.91
2025-01-20 20:00:00,GBA,3871.53
2025-01-20 21:00:00,GBA,3941.12
2025-01-20 22:00:00,GBA,4164.86
2025-01-20 23:00:00,GBA,3881.51
2025-01-21 00:00:00,GBA,4036.3
2025-01-21 01:00:00,GBA,4059.31
2025-01-21 02:00:00,GBA,3935.49
2025-01-21 03:00:00,GBA,4221.73
2025-01-21 04:00:00,GBA,4246.03
2025-01-21 05:00:00,GBA,3835.51
2025-01-21 06:00:00,GBA,3904.47
2025-01-21 07:00:00,GBA,4181.88
2025-01-21 08:00:00,GBA,3935.36
2025-01-21 09:00:00,GBA,4052.2
2025-01-21 10:00:00,GBA,4121.76
2025-01-21 11:00:00,GBA,4196.86
2025-01-21 12:00:00,GBA,4094.92
2025-01-21 13:00:00,GBA,4141.22
2025-01-21 14:00:00,GBA,4044.89
2025-01-21 15:00:00,GBA,4301.67
2025-01-21 16:00:00,GBA,4095.83
2025-01-21 17:00:00,GBA,4204.87
2025-01-21 18:00:00,GBA,4111.7
2025-01-21 19:00:00,GBA,4194.98
2025-01-21 20:00:00,GBA,4171.29
2025-01-21 21:00:00,GBA,4181.33
2025-01-21 22:00:00,GBA,4088.62
2025-01-21 23:00:00,GBA,4315.36
2025-01-22 00:00:00,GBA,4399.05
2025-01-22 01:00:00,GBA,4268.16
2025-01-22 02:00:00,GBA,4336.52
2025-01-22 03:00:00,GBA,4358.87
2025-01-22 04:00:00,GBA,4379.31
2025-01-22 05:00:00,GBA,4314.0
2025-01-22 06:00:00,GBA,4312.67
2025-01-22 07:00:00,GBA,4400.44
2025-01-22 08:00:00,GBA,4314.51
2025-01-22 09:00:00,GBA,4198.79
2025-01-22 10:00:00,GBA,4327.84
2025-01-22 11:00:00,GBA,4107.58
2025-01-22 12:00:00,GBA,4342.57
2025-01-22 13:00:00,GBA,4401.83
2025-01-22 14:00:00,GBA,4509.34
2025-01-22 15:00:00,GBA,4387.81
2025-01-22 16:00:00,GBA,4489.49
2025-01-22 17:00:00,GBA,4386.31
2025-01-22 18:00:00,GBA,4271.62
2025-01-22 19:00:00,GBA,4232.91
2025-01-22 20:00:00,GBA,4293.52
2025-01-22 21:00:00,GBA,4253.33
2025-01-22 22:00:00,GBA,4500.43
2025-01-22 23:00:00,GBA,4406.33
2025-01-23 00:00:00,GBA,4506.27
2025-01-23 01:00:00,GBA,4452.95
2025-01-23 02:00:00,GBA,4575.44
2025-01-23 03:00:00,GBA,4583.09
2025-01-23 04:00:00,GBA,4383.83
2025-01-23 05:00:00,GBA,4433.44
2025-01-23 06:00:00,GBA,4407.17
2025-01-23 07:00:00,GBA,4280.98
2025-01-23 08:00:00,GBA,4560.65
2025-01-23 09:00:00,GBA,4626.03
2025-01-23 10:00:00,GBA,4485.99
2025-01-23 11:00:00,GBA,4430.62
2025-01-23 12:00:00,GBA,4623.39
2025-01-23 13:00:00,GBA,4213.4
2025-01-23 14:00:00,GBA,4518.04
2025-01-23 15:00:00,GBA,4515.51
2025-01-23 16:00:00,GBA,4431.02
2025-01-23 17:00:00,GBA,4667.35
2025-01-23 18:00:00,GBA,4617.31
2025-01-23 19:00:00,GBA,4469.57
2025-01-23 20:00:00,GBA,4490.22
2025-01-23 21:00:00,GBA,4453.4
2025-01-23 22:00:00,GBA,4437.48
2025-01-23 23:00:00,GBA,4340.55
2025-01-24 00:00:00,GBA,4661.36
2025-01-24 01:00:00,GBA,4616.99
2025-01-24 02:00:00,GBA,4586.92
2025-01-24 03:00:00,GBA,4356.98
2025-01-24 04:00:00,GBA,4734.8
2025-01-24 05:00:00,GBA,4719.18
2025-01-24 06:00:00,GBA,4500.24
2025-01-24 07:00:00,GBA,4364.96
2025-01-24 08:00:00,GBA,4364.95
2025-01-24 09:00:00,GBA,4514.29
2025-01-24 10:00:00,GBA,4349.33
2025-01-24 11:00:00,GBA,4449.32
2025-01-24 12:00:00,GBA,4578.3
2025-01-24 13:00:00,GBA,4260.8
2025-01-24 14:00:00,GBA,4675.98
2025-01-24 15:00:00,GBA,4616.72
2025-01-24 16:00:00,GBA,4273.42
2025-01-24 17:00:00,GBA,4245.16
2025-01-24 18:00:00,GBA,4373.48
2025-01-24 19:00:00,GBA,4276.23
2025-01-24 20:00:00,GBA,4360.59
2025-01-24 21:00:00,GBA,4074.58
2025-01-24 22:00:00,GBA,4348.77
2025-01-24 23:00:00,GBA,4584.29
2025-01-25 00:00:00,GBA,4225.54
2025-01-25 01:00:00,GBA,4318.21
2025-01-25 02:00:00,GBA,4163.54
2025-01-25 03:00:00,GBA,4410.09
2025-01-25 04:00:00,GBA,4297.57
2025-01-25 05:00:00,GBA,4548.53
2025-01-25 06:00:00,GBA,4331.43
2025-01-25 07:00:00,GBA,4252.86
2025-01-25 08:00:00,GBA,4354.44
2025-01-25 09:00:00,GBA,4218.51
2025-01-25 10:00:00,GBA,4109.4
2025-01-25 11:00:00,GBA,4297.22
2025-01-25 12:00:00,GBA,4230.89
2025-01-25 13:00:00,GBA,4262.76
2025-01-25 14:00:00,GBA,4278.85
2025-01-25 15:00:00,GBA,4163.62
2025-01-25 16:00:00,GBA,4266.6
2025-01-25 17:00:00,GBA,4415.79
2025-01-25 18:00:00,GBA,4065.7
2025-01-25 19:00:00,GBA,4398.64
2025-01-25 20:00:00,GBA,4152.67
2025-01-25 21:00:00,GBA,4081.63
2025-01-25 22:00:00,GBA,4456.89
2025-01-25 23:00:00,GBA,4176.42
2025-01-26 00:00:00,GBA,4314.67
2025-01-26 01:00:00,GBA,4240.95
2025-01-26 02:00:00,GBA,3934.03
2025-01-26 03:00:00,GBA,4143.3
2025-01-26 04:00:00,GBA,4059.14
2025-01-26 05:00:00,GBA,3954.8
2025-01-26 06:00:00,GBA,3897.15
2025-01-26 07:00:00,GBA,4116.26
2025-01-26 08:00:00,GBA,4169.36
2025-01-26 09:00:00,GBA,4140.27
2025-01-26 10:00:00,GBA,4051.89
2025-01-26 11:00:00,GBA,3988.32
2025-01-26 12:00:00,GBA,3961.62
2025-01-26 13:00:00,GBA,4009.69
2025-01-26 14:00:00,GBA,3948.98
2025-01-26 15:00:00,GBA,4045.58
2025-01-26 16:00:00,GBA,4064.64
2025-01-26 17:00:00,GBA,3957.68
2025-01-26 18:00:00,GBA,4035.58
2025-01-26 19:00:00,GBA,3970.82
2025-01-26 20:00:00,GBA,4060.57
2025-01-26 21:00:00,GBA,4121.44
2025-01-26 22:00:00,GBA,4081.88
2025-01-26 23:00:00,GBA,4117.51
2025-01-27 00:00:00,GBA,3863.39
2025-01-27 01:00:00,GBA,4017.42
2025-01-27 02:00:00,GBA,4097.75
2025-01-27 03:00:00,GBA,4143.6
2025-01-27 04:00:00,GBA,3877.47
2025-01-27 05:00:00,GBA,4091.36
2025-01-27 06:00:00,GBA,4220.51
2025-01-27 07:00:00,GBA,4058.23
2025-01-27 08:00:00,GBA,4072.67
2025-01-27 09:00:00,GBA,4142.93
2025-01-27 10:00:00,GBA,4123.81
2025-01-27 11:00:00,GBA,4180.83
2025-01-27 12:00:00,GBA,4114.73
2025-01-27 13:00:00,GBA,4130.95
2025-01-27 14:00:00,GBA,4025.8
2025-01-27 15:00:00,GBA,4106.71
2025-01-27 16:00:00,GBA,4285.44
2025-01-27 17:00:00,GBA,4118.88
2025-01-27 18:00:00,GBA,4131.89
2025-01-27 19:00:00,GBA,4102.28
2025-01-27 20:00:00,GBA,4265.26
2025-01-27 21:00:00,GBA,4078.16
2025-01-27 22:00:00,GBA,4300.3
2025-01-27 23:00:00,GBA,4089.29
2025-01-28 00:00:00,GBA,4085.85
2025-01-28 01:00:00,GBA,4248.9
2025-01-28 02:00:00,GBA,4251.56
2025-01-28 03:00:00,GBA,4283.73
2025-01-28 04:00:00,GBA,4387.94
2025-01-28 05:00:00,GBA,4223.65
2025-01-28 06:00:00,GBA,4339.33
2025-01-28 07:00:00,GBA,4190.3
2025-01-28 08:00:00,GBA,4464.15
2025-01-28 09:00:00,GBA,4402.79
2025-01-28 10:00:00,GBA,4405.36
2025-01-28 11:00:00,GBA,4377.84
2025-01-28 12:00:00,GBA,4275.56
2025-01-28 13:00:00,GBA,4345.29
2025-01-28 14:00:00,GBA,4459.73
2025-01-28 15:00:00,GBA,4412.32
2025-01-28 16:00:00,GBA,4444.74
2025-01-28 17:00:00,GBA,4282.13
2025-01-28 18:00:00,GBA,4482.58
2025-01-28 19:00:00,GBA,4393.48
2025-01-28 20:00:00,GBA,4362.26
2025-01-28 21:00:00,GBA,4489.54
2025-01-28 22:00:00,GBA,4301.23
2025-01-28 23:00:00,GBA,4623.8
2025-01-29 00:00:00,GBA,4658.2
2025-01-29 01:00:00,GBA,4565.56
2025-01-29 02:00:00,GBA,4468.73
2025-01-29 03:00:00,GBA,4490.54
2025-01-29 04:00:00,GBA,4601.81
2025-01-29 05:00:00,GBA,4345.02
2025-01-29 06:00:00,GBA,4673.39
2025-01-29 07:00:00,GBA,4747.25
2025-01-29 08:00:00,GBA,4645.79
2025-01-29 09:00:00,GBA,4639.47
2025-01-29 10:00:00,GBA,4736.1
2025-01-29 11:00:00,GBA,4771.66
2025-01-29 12:00:00,GBA,4876.05
2025-01-29 13:00:00,GBA,4761.96
2025-01-29 14:00:00,GBA,4691.81
2025-01-29 15:00:00,GBA,4733.85
2025-01-29 16:00:00,GBA,4825.45
2025-01-29 17:00:00,GBA,5004.55
2025-01-29 18:00:00,GBA,4793.32
2025-01-29 19:00:00,GBA,4719.16
2025-01-29 20:00:00,GBA,4754.49
2025-01-29 21:00:00,GBA,4620.5
2025-01-29 22:00:00,GBA,4924.52
2025-01-29 23:00:00,GBA,4734.17
2025-01-30 00:00:00,GBA,4761.78
2025-01-30 01:00:00,GBA,4684.64
2025-01-30 02:00:00,GBA,4799.23
2025-01-30 03:00:00,GBA,5012.89
2025-01-30 04:00:00,GBA,4798.26
2025-01-30 05:00:00,GBA,4756.25
2025-01-30 06:00:00,GBA,4997.82
2025-01-30 07:00:00,GBA,4945.34
2025-01-30 08:00:00,GBA,5047.62
2025-01-30 09:00:00,GBA,5093.72
2025-01-30 10:00:00,GBA,5012.53
2025-01-30 11:00:00,GBA,4866.12
2025-01-30 12:00:00,GBA,5014.91
2025-01-30 13:00:00,GBA,5097.29
2025-01-30 14:00:00,GBA,4974.4
2025-01-30 15:00:00,GBA,4878.54
2025-01-30 16:00:00,GBA,5189.62
2025-01-30 17:00:00,GBA,5013.33
2025-01-30 18:00:00,GBA,5019.49
2025-01-30 19:00:00,GBA,5075.53
2025-01-30 20:00:00,GBA,5201.88
2025-01-30 21:00:00,GBA,5114.04
2025-01-30 22:00:00,GBA,5046.19
2025-01-30 23:00:00,GBA,5171.39
2025-01-31 00:00:00,GBA,5350.12
2025-01-31 01:00:00,GBA,5261.55
2025-01-31 02:00:00,GBA,5177.89
2025-01-31 03:00:00,GBA,4964.2
2025-01-31 04:00:00,GBA,5550.45
2025-01-31 05:00:00,GBA,4957.3
2025-01-31 06:00:00,GBA,5057.08
2025-01-31 07:00:00,GBA,5017.88
2025-01-31 08:00:00,GBA,5296.89
2025-01-31 09:00:00,GBA,5151.52
2025-01-31 10:00:00,GBA,4928.91
2025-01-31 11:00:00,GBA,5131.0
2025-01-31 12:00:00,GBA,5162.9
2025-01-31 13:00:00,GBA,5057.1
2025-01-31 14:00:00,GBA,4946.61
2025-01-31 15:00:00,GBA,5003.44
2025-01-31 16:00:00,GBA,5035.13
2025-01-31 17:00:00,GBA,5087.1
2025-01-31 18:00:00,GBA,5018.52
2025-01-31 19:00:00,GBA,5165.4
2025-01-31 20:00:00,GBA,4959.19
2025-01-31 21:00:00,GBA,4861.18
2025-01-31 22:00:00,GBA,4975.76
2025-01-31 23:00:00,GBA,5221.67
2025-02-01 00:00:00,GBA,4986.13
2025-02-01 01:00:00,GBA,5330.73
2025-02-01 02:00:00,GBA,5103.55
2025-02-01 03:00:00,GBA,4899.42
2025-02-01 04:00:00,GBA,4933.47
2025-02-01 05:00:00,GBA,5057.08
2025-02-01 06:00:00,GBA,4880.73
2025-02-01 07:00:00,GBA,5301.07
2025-02-01 08:00:00,GBA,4891.19
2025-02-01 09:00:00,GBA,5085.71
2025-02-01 10:00:00,GBA,5173.06
2025-02-01 11:00:00,GBA,4978.54
2025-02-01 12:00:00,GBA,4865.91
2025-02-01 13:00:00,GBA,4946.4
2025-02-01 14:00:00,GBA,5016.39
2025-02-01 15:00:00,GBA,5071.79
2025-02-01 16:00:00,GBA,4967.31
2025-02-01 17:00:00,GBA,4786.32
2025-02-01 18:00:00,GBA,4953.34
2025-02-01 19:00:00,GBA,4861.45
2025-02-01 20:00:00,GBA,4674.35
2025-02-01 21:00:00,GBA,4846.82
2025-02-01 22:00:00,GBA,4752.94
2025-02-01 23:00:00,GBA,4989.7
2025-02-02 00:00:00,GBA,5147.18
2025-02-02 01:00:00,GBA,5131.69
2025-02-02 02:00:00,GBA,4834.79
2025-02-02 03:00:00,GBA,4842.61
2025-02-02 04:00:00,GBA,4976.68
2025-02-02 05:00:00,GBA,5016.93
2025-02-02 06:00:00,GBA,4835.1
2025-02-02 07:00:00,GBA,4864.25
2025-02-02 08:00:00,GBA,5142.46
2025-02-02 09:00:00,GBA,4861.27
2025-02-02 10:00:00,GBA,4812.73
2025-02-02 11:00:00,GBA,4882.45
2025-02-02 12:00:00,GBA,4935.01
2025-02-02 13:00:00,GBA,4740.55
2025-02-02 14:00:00,GBA,4831.34
2025-02-02 15:00:00,GBA,4719.52
2025-02-02 16:00:00,GBA,4824.75
2025-02-02 17:00:00,GBA,5082.38
2025-02-02 18:00:00,GBA,4945.5
2025-02-02 19:00:00,GBA,4845.09
2025-02-02 20:00:00,GBA,4744.28
2025-02-02 21:00:00,GBA,4819.31
2025-02-02 22:00:00,GBA,4983.56
2025-02-02 23:00:00,GBA,4791.24
2025-02-03 00:00:00,GBA,5034.24
2025-02-03 01:00:00,GBA,4697.29
2025-02-03 02:00:00,GBA,4829.63
2025-02-03 03:00:00,GBA,5076.27
2025-02-03 04:00:00,GBA,4629.3
2025-02-03 05:00:00,GBA,5016.33
2025-02-03 06:00:00,GBA,4655.43
2025-02-03 07:00:00,GBA,4871.05
2025-02-03 08:00:00,GBA,4865.81
2025-02-03 09:00:00,GBA,4990.47
2025-02-03 10:00:00,GBA,4518.44
2025-02-03 11:00:00,GBA,4672.66
2025-02-03 12:00:00,GBA,4841.08
2025-02-03 13:00:00,GBA,4920.0
2025-02-03 14:00:00,GBA,4815.34
2025-02-03 15:00:00,GBA,4903.34
2025-02-03 16:00:00,GBA,4795.19
2025-02-03 17:00:00,GBA,4897.42
2025-02-03 18:00:00,GBA,4852.36
2025-02-03 19:00:00,GBA,4992.0
2025-02-03 20:00:00,GBA,5041.57
2025-02-03 21:00:00,GBA,5153.16
2025-02-03 22:00:00,GBA,4912.17
2025-02-03 23:00:00,GBA,4962.83
2025-02-04 00:00:00,GBA,5017.07
2025-02-04 01:00:00,GBA,4986.59
2025-02-04 02:00:00,GBA,5026.67
2025-02-04 03:00:00,GBA,4856.65
2025-02-04 04:00:00,GBA,5100.19
2025-02-04 05:00:00,GBA,4957.47
2025-02-04 06:00:00,GBA,4964.41
2025-02-04 07:00:00,GBA,4900.84
2025-02-04 08:00:00,GBA,5243.13
2025-02-04 09:00:00,GBA,5099.53
2025-02-04 10:00:00,GBA,5267.12
2025-02-04 11:00:00,GBA,5174.81
2025-02-04 12:00:00,GBA,4950.84
2025-02-04 13:00:00,GBA,5038.46
2025-02-04 14:00:00,GBA,5272.84
2025-02-04 15:00:00,GBA,5103.51
2025-02-04 16:00:00,GBA,5078.15
2025-02-04 17:00:00,GBA,5201.16
2025-02-04 18:00:00,GBA,5215.21
2025-02-04 19:00:00,GBA,5128.84
2025-02-04 20:00:00,GBA,5224.98
2025-02-04 21:00:00,GBA,5220.58
2025-02-04 22:00:00,GBA,4981.08
2025-02-04 23:00:00,GBA,5366.08
2025-02-05 00:00:00,GBA,5222.25
2025-02-05 01:00:00,GBA,5489.96
2025-02-05 02:00:00,GBA,5209.18
2025-02-05 03:00:00,GBA,5171.33
2025-02-05 04:00:00,GBA,5517.0
2025-02-05 05:00:00,GBA,5197.77
2025-02-05 06:00:00,GBA,5325.02
2025-02-05 07:00:00,GBA,5486.29
2025-02-05 08:00:00,GBA,5388.15
2025-02-05 09:00:00,GBA,5241.98
2025-02-05 10:00:00,GBA,5475.95
2025-02-05 11:00:00,GBA,5442.63
2025-02-05 12:00:00,GBA,5632.36
2025-02-05 13:00:00,GBA,5561.05
2025-02-05 14:00:00,GBA,5866.59
2025-02-05 15:00:00,GBA,5316.43
2025-02-05 16:00:00,GBA,5522.71
2025-02-05 17:00:00,GBA,5408.4
2025-02-05 18:00:00,GBA,5685.77
2025-02-05 19:00:00,GBA,5656.31
2025-02-05 20:00:00,GBA,5658.35
2025-02-05 21:00:00,GBA,5484.44
2025-02-05 22:00:00,GBA,5497.81
2025-02-05 23:00:00,GBA,5352.82
2025-02-06 00:00:00,GBA,5810.32
2025-02-06 01:00:00,GBA,5674.6
2025-02-06 02:00:00,GBA,5590.35
2025-02-06 03:00:00,GBA,5741.33
2025-02-06 04:00:00,GBA,5726.67
2025-02-06 05:00:00,GBA,5760.44
2025-02-06 06:00:00,GBA,5455.02
2025-02-06 07:00:00,GBA,5570.2
2025-02-06 08:00:00,GBA,5684.89
2025-02-06 09:00:00,GBA,5709.24
2025-02-06 10:00:00,GBA,5786.16
2025-02-06 11:00:00,GBA,5554.52
2025-02-06 12:00:00,GBA,5694.63
2025-02-06 13:00:00,GBA,5947.37
2025-02-06 14:00:00,GBA,5768.66
2025-02-06 15:00:00,GBA,5792.53
2025-02-06 16:00:00,GBA,5687.74
2025-02-06 17:00:00,GBA,5783.68
2025-02-06 18:00:00,GBA,5909.09
2025-02-06 19:00:00,GBA,5706.0
2025-02-06 20:00:00,GBA,5840.2
2025-02-06 21:00:00,GBA,5587.96
2025-02-06 22:00:00,GBA,5762.99
2025-02-06 23:00:00,GBA,5799.42
2025-02-07 00:00:00,GBA,5598.95
2025-02-07 01:00:00,GBA,5818.79
2025-02-07 02:00:00,GBA,5603.36
2025-02-07 03:00:00,GBA,5584.69
2025-02-07 04:00:00,GBA,5677.66
2025-02-07 05:00:00,GBA,5905.69
2025-02-07 06:00:00,GBA,5706.57
2025-02-07 07:00:00,GBA,5776.96
2025-02-07 08:00:00,GBA,5571.63
2025-02-07 09:00:00,GBA,5663.11
2025-02-07 10:00:00,GBA,5506.59
2025-02-07 11:00:00,GBA,5572.82
2025-02-07 12:00:00,GBA,5734.83
2025-02-07 13:00:00,GBA,5622.76
2025-02-07 14:00:00,GBA,5793.98
2025-02-07 15:00:00,GBA,5587.64
2025-02-07 16:00:00,GBA,5579.93
2025-02-07 17:00:00,GBA,5748.32
2025-02-07 18:00:00,GBA,5508.39
2025-02-07 19:00:00,GBA,5394.66
2025-02-07 20:00:00,GBA,5723.69
2025-02-07 21:00:00,GBA,5607.46
2025-02-07 22:00:00,GBA,5287.89
2025-02-07 23:00:00,GBA,5542.76
2025-02-08 00:00:00,GBA,5478.42
2025-02-08 01:00:00,GBA,5725.49
2025-02-08 02:00:00,GBA,5417.65
2025-02-08 03:00:00,GBA,5424.26
2025-02-08 04:00:00,GBA,5373.34
2025-02-08 05:00:00,GBA,5344.57
2025-02-08 06:00:00,GBA,5375.31
2025-02-08 07:00:00,GBA,5275.23
2025-02-08 08:00:00,GBA,5311.85
2025-02-08 09:00:00,GBA,5230.75
2025-02-08 10:00:00,GBA,5231.72
2025-02-08 11:00:00,GBA,5212.01
2025-02-08 12:00:00,GBA,5324.35
2025-02-08 13:00:00,GBA,5292.52
2025-02-08 14:00:00,GBA,5215.03
2025-02-08 15:00:00,GBA,5407.23
2025-02-08 16:00:00,GBA,5331.7
2025-02-08 17:00:00,GBA,5273.28
2025-02-08 18:00:00,GBA,5257.12
2025-02-08 19:00:00,GBA,5491.68
2025-02-08 20:00:00,GBA,5317.11
2025-02-08 21:00:00,GBA,5333.25
2025-02-08 22:00:00,GBA,4953.86
2025-02-08 23:00:00,GBA,5173.81
2025-02-09 00:00:00,GBA,4979.95
2025-02-09 01:00:00,GBA,5177.67
2025-02-09 02:00:00,GBA,5262.11
2025-02-09 03:00:00,GBA,5125.06
2025-02-09 04:00:00,GBA,5257.05
2025-02-09 05:00:00,GBA,5061.13
2025-02-09 06:00:00,GBA,5242.2
2025-02-09 07:00:00,GBA,4976.13
2025-02-09 08:00:00,GBA,5120.86
2025-02-09 09:00:00,GBA,5192.57
2025-02-09 10:00:00,GBA,5196.7
2025-02-09 11:00:00,GBA,5107.57
2025-02-09 12:00:00,GBA,5346.34
2025-02-09 13:00:00,GBA,5054.87
2025-02-09 14:00:00,GBA,5041.79
2025-02-09 15:00:00,GBA,4756.39
2025-02-09 16:00:00,GBA,5291.74
2025-02-09 17:00:00,GBA,5027.45
2025-02-09 18:00:00,GBA,4923.19
2025-02-09 19:00:00,GBA,5215.75
2025-02-09 20:00:00,GBA,5198.77
2025-02-09 21:00:00,GBA,5057.12
2025-02-09 22:00:00,GBA,4865.91
2025-02-09 23:00:00,GBA,5082.71
2025-02-10 00:00:00,GBA,4952.57
2025-02-10 01:00:00,GBA,4881.71
2025-02-10 02:00:00,GBA,5142.86
2025-02-10 03:00:00,GBA,4757.56
2025-02-10 04:00:00,GBA,5077.73
2025-02-10 05:00:00,GBA,5061.37
2025-02-10 06:00:00,GBA,5249.32
2025-02-10 07:00:00,GBA,5039.56
2025-02-10 08:00:00,GBA,4751.25
2025-02-10 09:00:00,GBA,4896.03
2025-02-10 10:00:00,GBA,5002.6
2025-02-10 11:00:00,GBA,5036.37
2025-02-10 12:00:00,GBA,5110.63
2025-02-10 13:00:00,GBA,4757.38
2025-02-10 14:00:00,GBA,4952.92
2025-02-10 15:00:00,GBA,5109.23
2025-02-10 16:00:00,GBA,5178.82
2025-02-10 17:00:00,GBA,5217.92
2025-02-10 18:00:00,GBA,4949.17
2025-02-10 19:00:00,GBA,5129.45
2025-02-10 20:00:00,GBA,5205.22
2025-02-10 21:00:00,GBA,5145.99
2025-02-10 22:00:00,GBA,5091.8
2025-02-10 23:00:00,GBA,5107.33
2025-02-11 00:00:00,GBA,4916.55
2025-02-11 01:00:00,GBA,4841.3
2025-02-11 02:00:00,GBA,5136.84
2025-02-11 03:00:00,GBA,4981.44
2025-02-11 04:00:00,GBA,5024.18
2025-02-11 05:00:00,GBA,4962.82
2025-02-11 06:00:00,GBA,4990.07
2025-02-11 07:00:00,GBA,5070.33
2025-02-11 08:00:00,GBA,4925.18
2025-02-11 09:00:00,GBA,5061.62
2025-02-11 10:00:00,GBA,5088.73
2025-02-11 11:00:00,GBA,5055.89
2025-02-11 12:00:00,GBA,4982.08
2025-02-11 13:00:00,GBA,5172.0
2025-02-11 14:00:00,GBA,5308.75
2025-02-11 15:00:00,GBA,5018.44
2025-02-11 16:00:00,GBA,5245.38
2025-02-11 17:00:00,GBA,5210.71
2025-02-11 18:00:00,GBA,4792.45
2025-02-11 19:00:00,GBA,5026.39
2025-02-11 20:00:00,GBA,5048.38
2025-02-11 21:00:00,GBA,5225.48
2025-02-11 22:00:00,GBA,5161.29
2025-02-11 23:00:00,GBA,5202.6
2025-02-12 00:00:00,GBA,5229.02
2025-02-12 01:00:00,GBA,5051.77
2025-02-12 02:00:00,GBA,5076.98
2025-02-12 03:00:00,GBA,5026.69
2025-02-12 04:00:00,GBA,5159.8
2025-02-12 05:00:00,GBA,5172.64
2025-02-12 06:00:00,GBA,5214.08
2025-02-12 07:00:00,GBA,5112.75
2025-02-12 08:00:00,GBA,5315.16
2025-02-12 09:00:00,GBA,5322.64
2025-02-12 10:00:00,GBA,5404.21
2025-02-12 11:00:00,GBA,5309.85
2025-02-12 12:00:00,GBA,5252.43
2025-02-12 13:00:00,GBA,5316.33
2025-02-12 14:00:00,GBA,5314.06
2025-02-12 15:00:00,GBA,5167.69
2025-02-12 16:00:00,GBA,5405.41
2025-02-12 17:00:00,GBA,5461.42
2025-02-12 18:00:00,GBA,5496.68
2025-02-12 19:00:00,GBA,5267.63
2025-02-12 20:00:00,GBA,5305.99
2025-02-12 21:00:00,GBA,5320.4
2025-02-12 22:00:00,GBA,5273.18
2025-02-12 23:00:00,GBA,5350.52
2025-02-13 00:00:00,GBA,5264.05
2025-02-13 01:00:00,GBA,5257.37
2025-02-13 02:00:00,GBA,5493.39
2025-02-13 03:00:00,GBA,5303.39
2025-02-13 04:00:00,GBA,5292.61
2025-02-13 05:00:00,GBA,5390.98
2025-02-13 06:00:00,GBA,5303.35
2025-02-13 07:00:00,GBA,5320.09
2025-02-13 08:00:00,GBA,5276.85
2025-02-13 09:00:00,GBA,5137.0
2025-02-13 10:00:00,GBA,5278.3
2025-02-13 11:00:00,GBA,5143.73
2025-02-13 12:00:00,GBA,5303.11
2025-02-13 13:00:00,GBA,5133.42
2025-02-13 14:00:00,GBA,5382.08
2025-02-13 15:00:00,GBA,5358.43
2025-02-13 16:00:00,GBA,5298.19
2025-02-13 17:00:00,GBA,5248.12
2025-02-13 18:00:00,GBA,5305.25
2025-02-13 19:00:00,GBA,5014.22
2025-02-13 20:00:00,GBA,5112.7
2025-02-13 21:00:00,GBA,5220.33
2025-02-13 22:00:00,GBA,5273.05
2025-02-13 23:00:00,GBA,5215.11
2025-02-14 00:00:00,GBA,5096.67
2025-02-14 01:00:00,GBA,5225.41
2025-02-14 02:00:00,GBA,5146.71
2025-02-14 03:00:00,GBA,5064.27
2025-02-14 04:00:00,GBA,5222.99
2025-02-14 05:00:00,GBA,5148.8
2025-02-14 06:00:00,GBA,5307.73
2025-02-14 07:00:00,GBA,5233.78
2025-02-14 08:00:00,GBA,5231.47
2025-02-14 09:00:00,GBA,5170.93
2025-02-14 10:00:00,GBA,5019.57
2025-02-14 11:00:00,GBA,4997.03
2025-02-14 12:00:00,GBA,4920.73
2025-02-14 13:00:00,GBA,5430.38
2025-02-14 14:00:00,GBA,4942.68
2025-02-14 15:00:00,GBA,5034.03
2025-02-14 16:00:00,GBA,5002.66
2025-02-14 17:00:00,GBA,4998.58
2025-02-14 18:00:00,GBA,4948.36
2025-02-14 19:00:00,GBA,4780.12
2025-02-14 20:00:00,GBA,4870.15
2025-02-14 21:00:00,GBA,4808.44
2025-02-14 22:00:00,GBA,4945.26
2025-02-14 23:00:00,GBA,4863.31
2025-02-15 00:00:00,GBA,4847.7
2025-02-15 01:00:00,GBA,4940.64
2025-02-15 02:00:00,GBA,4829.2
2025-02-15 03:00:00,GBA,4995.23
2025-02-15 04:00:00,GBA,4821.15
2025-02-15 05:00:00,GBA,4878.49
2025-02-15 06:00:00,GBA,4676.32
2025-02-15 07:00:00,GBA,4897.97
2025-02-15 08:00:00,GBA,4754.24
2025-02-15 09:00:00,GBA,4835.56
2025-02-15 10:00:00,GBA,4809.73
2025-02-15 11:00:00,GBA,4732.9
2025-02-15 12:00:00,GBA,4763.38
2025-02-15 13:00:00,GBA,4674.63
2025-02-15 14:00:00,GBA,4865.99
2025-02-15 15:00:00,GBA,4800.21
2025-02-15 16:00:00,GBA,4729.68
2025-02-15 17:00:00,GBA,4513.92
2025-02-15 18:00:00,GBA,4507.47
2025-02-15 19:00:00,GBA,4543.66
2025-02-15 20:00:00,GBA,4577.98
2025-02-15 21:00:00,GBA,4645.34
2025-02-15 22:00:00,GBA,4468.33
2025-02-15 23:00:00,GBA,4701.66
2025-02-16 00:00:00,GBA,4545.52
2025-02-16 01:00:00,GBA,4288.42
2025-02-16 02:00:00,GBA,4457.99
2025-02-16 03:00:00,GBA,4190.1
2025-02-16 04:00:00,GBA,4395.64
2025-02-16 05:00:00,GBA,4405.73
2025-02-16 06:00:00,GBA,4384.41
2025-02-16 07:00:00,GBA,4404.94
2025-02-16 08:00:00,GBA,4383.27
2025-02-16 09:00:00,GBA,4346.21
2025-02-16 10:00:00,GBA,4584.96
2025-02-16 11:00:00,GBA,4537.97
2025-02-16 12:00:00,GBA,4243.02
2025-02-16 13:00:00,GBA,4518.71
2025-02-16 14:00:00,GBA,4162.22
2025-02-16 15:00:00,GBA,4247.95
2025-02-16 16:00:00,GBA,4518.0
2025-02-16 17:00:00,GBA,4055.89
2025-02-16 18:00:00,GBA,4383.66
2025-02-16 19:00:00,GBA,4154.71
2025-02-16 20:00:00,GBA,4278.69
2025-02-16 21:00:00,GBA,4265.6
2025-02-16 22:00:00,GBA,4482.55
2025-02-16 23:00:00,GBA,4173.7
2025-02-17 00:00:00,GBA,4255.2
2025-02-17 01:00:00,GBA,4331.66
2025-02-17 02:00:00,GBA,4219.57
2025-02-17 03:00:00,GBA,4144.93
2025-02-17 04:00:00,GBA,4230.71
2025-02-17 05:00:00,GBA,4243.71
2025-02-17 06:00:00,GBA,4333.69
2025-02-17 07:00:00,GBA,4109.99
2025-02-17 08:00:00,GBA,4165.26
2025-02-17 09:00:00,GBA,4254.34
2025-02-17 10:00:00,GBA,4192.4
2025-02-17 11:00:00,GBA,4187.54
2025-02-17 12:00:00,GBA,4205.48
2025-02-17 13:00:00,GBA,4122.2
2025-02-17 14:00:00,GBA,4108.34
2025-02-17 15:00:00,GBA,4256.22
2025-02-17 16:00:00,GBA,4071.37
2025-02-17 17:00:00,GBA,4342.5
2025-02-17 18:00:00,GBA,4229.0
2025-02-17 19:00:00,GBA,4050.42
2025-02-17 20:00:00,GBA,4238.64
2025-02-17 21:00:00,GBA,4226.21
2025-02-17 22:00:00,GBA,4299.44
2025-02-17 23:00:00,GBA,4349.26
2025-02-18 00:00:00,GBA,4168.81
2025-02-18 01:00:00,GBA,4130.78
2025-02-18 02:00:00,GBA,4146.28
2025-02-18 03:00:00,GBA,4104.88
2025-02-18 04:00:00,GBA,4136.98
2025-02-18 05:00:00,GBA,4264.95
2025-02-18 06:00:00,GBA,4237.19
2025-02-18 07:00:00,GBA,4181.24
2025-02-18 08:00:00,GBA,4156.74
2025-02-18 09:00:00,GBA,4292.47
2025-02-18 10:00:00,GBA,4196.17
2025-02-18 11:00:00,GBA,4137.43
2025-02-18 12:00:00,GBA,4250.16
2025-02-18 13:00:00,GBA,4242.94
2025-02-18 14:00:00,GBA,4152.79
2025-02-18 15:00:00,GBA,4387.16
2025-02-18 16:00:00,GBA,4396.3
2025-02-18 17:00:00,GBA,4306.72
2025-02-18 18:00:00,GBA,4324.7
2025-02-18 19:00:00,GBA,4379.55
2025-02-18 20:00:00,GBA,4319.97
2025-02-18 21:00:00,GBA,4438.14
2025-02-18 22:00:00,GBA,4537.49
2025-02-18 23:00:00,GBA,4356.08
2025-02-19 00:00:00,GBA,4406.94
2025-02-19 01:00:00,GBA,4466.66
2025-02-19 02:00:00,GBA,4329.03
2025-02-19 03:00:00,GBA,4241.95
2025-02-19 04:00:00,GBA,4493.81
2025-02-19 05:00:00,GBA,4204.55
2025-02-19 06:00:00,GBA,4615.13
2025-02-19 07:00:00,GBA,4512.53
2025-02-19 08:00:00,GBA,4438.14
2025-02-19 09:00:00,GBA,4429.2
2025-02-19 10:00:00,GBA,4640.58
2025-02-19 11:00:00,GBA,4324.11
2025-02-19 12:00:00,GBA,4305.53
2025-02-19 13:00:00,GBA,4379.93
2025-02-19 14:00:00,GBA,4427.09
2025-02-19 15:00:00,GBA,4344.36
2025-02-19 16:00:00,GBA,4490.04
2025-02-19 17:00:00,GBA,4494.13
2025-02-19 18:00:00,GBA,4386.18
2025-02-19 19:00:00,GBA,4682.02
2025-02-19 20:00:00,GBA,4328.17
2025-02-19 21:00:00,GBA,4347.34
2025-02-19 22:00:00,GBA,4550.75
2025-02-19 23:00:00,GBA,4485.52
2025-02-20 00:00:00,GBA,4565.06
2025-02-20 01:00:00,GBA,4444.89
2025-02-20 02:00:00,GBA,4399.1
2025-02-20 03:00:00,GBA,4449.26
2025-02-20 04:00:00,GBA,4448.01
2025-02-20 05:00:00,GBA,4596.03
2025-02-20 06:00:00,GBA,4478.09
2025-02-20 07:00:00,GBA,4629.38
2025-02-20 08:00:00,GBA,4610.55
2025-02-20 09:00:00,GBA,4666.49
2025-02-20 10:00:00,GBA,4650.97
2025-02-20 11:00:00,GBA,4637.92
2025-02-20 12:00:00,GBA,4636.73
2025-02-20 13:00:00,GBA,4482.53
2025-02-20 14:00:00,GBA,4512.92
2025-02-20 15:00:00,GBA,4324.17
2025-02-20 16:00:00,GBA,4577.86
2025-02-20 17:00:00,GBA,4460.69
2025-02-20 18:00:00,GBA,4588.04
2025-02-20 19:00:00,GBA,4601.08
2025-02-20 20:00:00,GBA,4373.09
2025-02-20 21:00:00,GBA,4410.87
2025-02-20 22:00:00,GBA,4487.42
2025-02-20 23:00:00,GBA,4463.66
2025-02-21 00:00:00,GBA,4541.89
2025-02-21 01:00:00,GBA,4378.9
2025-02-21 02:00:00,GBA,4518.55
2025-02-21 03:00:00,GBA,4305.25
2025-02-21 04:00:00,GBA,4243.89
2025-02-21 05:00:00,GBA,4582.79
2025-02-21 06:00:00,GBA,4334.1
2025-02-21 07:00:00,GBA,4417.16
2025-02-21 08:00:00,GBA,4307.55
2025-02-21 09:00:00,GBA,4301.53
2025-02-21 10:00:00,GBA,4415.39
2025-02-21 11:00:00,GBA,4406.39
2025-02-21 12:00:00,GBA,4565.57
2025-02-21 13:00:00,GBA,4493.38
2025-02-21 14:00:00,GBA,4399.61
2025-02-21 15:00:00,GBA,4513.1
2025-02-21 16:00:00,GBA,4547.15
2025-02-21 17:00:00,GBA,4453.27
2025-02-21 18:00:00,GBA,4345.68
2025-02-21 19:00:00,GBA,4506.97
2025-02-21 20:00:00,GBA,4587.06
2025-02-21 21:00:00,GBA,4444.01
2025-02-21 22:00:00,GBA,4566.95
2025-02-21 23:00:00,GBA,4455.23
2025-02-22 00:00:00,GBA,4435.32
2025-02-22 01:00:00,GBA,4191.91
2025-02-22 02:00:00,GBA,4178.26
2025-02-22 03:00:00,GBA,4295.0
2025-02-22 04:00:00,GBA,4089.55
2025-02-22 05:00:00,GBA,4207.61
2025-02-22 06:00:00,GBA,4371.66
2025-02-22 07:00:00,GBA,4176.53
2025-02-22 08:00:00,GBA,4309.06
2025-02-22 09:00:00,GBA,4071.64
2025-02-22 10:00:00,GBA,4163.27
2025-02-22 11:00:00,GBA,4334.05
2025-02-22 12:00:00,GBA,4225.02
2025-02-22 13:00:00,GBA,4223.64
2025-02-22 14:00:00,GBA,4382.24
2025-02-22 15:00:00,GBA,4322.23
2025-02-22 16:00:00,GBA,4050.43
2025-02-22 17:00:00,GBA,4302.95
2025-02-22 18:00:00,GBA,4060.24
2025-02-22 19:00:00,GBA,4121.36
2025-02-22 20:00:00,GBA,4114.86
2025-02-22 21:00:00,GBA,4231.53
2025-02-22 22:00:00,GBA,3957.17
2025-02-22 23:00:00,GBA,4137.02
2025-02-23 00:00:00,GBA,4136.0
2025-02-23 01:00:00,GBA,4161.06
2025-02-23 02:00:00,GBA,4029.23
2025-02-23 03:00:00,GBA,4165.93
2025-02-23 04:00:00,GBA,3951.46
2025-02-23 05:00:00,GBA,4166.09
2025-02-23 06:00:00,GBA,4062.61
2025-02-23 07:00:00,GBA,3844.53
2025-02-23 08:00:00,GBA,4054.01
2025-02-23 09:00:00,GBA,4019.43
2025-02-23 10:00:00,GBA,3948.43
2025-02-23 11:00:00,GBA,3896.3
2025-02-23 12:00:00,GBA,3949.74
2025-02-23 13:00:00,GBA,3799.78
2025-02-23 14:00:00,GBA,4170.39
2025-02-23 15:00:00,GBA,3827.17
2025-02-23 16:00:00,GBA,3878.66
2025-02-23 17:00:00,GBA,4091.26
2025-02-23 18:00:00,GBA,4020.36
2025-02-23 19:00:00,GBA,4033.28
2025-02-23 20:00:00,GBA,4125.99
2025-02-23 21:00:00,GBA,3904.09
2025-02-23 22:00:00,GBA,3813.97
2025-02-23 23:00:00,GBA,4039.3
2025-02-24 00:00:00,GBA,4032.44
2025-02-24 01:00:00,GBA,3897.01
2025-02-24 02:00:00,GBA,3784.17
2025-02-24 03:00:00,GBA,4085.0
2025-02-24 04:00:00,GBA,4006.12
2025-02-24 05:00:00,GBA,3773.39
2025-02-24 06:00:00,GBA,4033.45
2025-02-24 07:00:00,GBA,3769.04
2025-02-24 08:00:00,GBA,3886.61
2025-02-24 09:00:00,GBA,3812.76
2025-02-24 10:00:00,GBA,3874.51
2025-02-24 11:00:00,GBA,3855.0
2025-02-24 12:00:00,GBA,3885.8
2025-02-24 13:00:00,GBA,4051.16
2025-02-24 14:00:00,GBA,4004.89
2025-02-24 15:00:00,GBA,4050.73
2025-02-24 16:00:00,GBA,4112.54
2025-02-24 17:00:00,GBA,3943.35
2025-02-24 18:00:00,GBA,4004.69
2025-02-24 19:00:00,GBA,4067.14
2025-02-24 20:00:00,GBA,4215.23
2025-02-24 21:00:00,GBA,4126.58
2025-02-24 22:00:00,GBA,4193.14
2025-02-24 23:00:00,GBA,4158.68
2025-02-25 00:00:00,GBA,4172.71
2025-02-25 01:00:00,GBA,3841.47
2025-02-25 02:00:00,GBA,4171.49
2025-02-25 03:00:00,GBA,4101.83
2025-02-25 04:00:00,GBA,4093.63
2025-02-25 05:00:00,GBA,4035.01
2025-02-25 06:00:00,GBA,4058.72
2025-02-25 07:00:00,GBA,4171.46
2025-02-25 08:00:00,GBA,4234.38
2025-02-25 09:00:00,GBA,3966.18
2025-02-25 10:00:00,GBA,4184.68
2025-02-25 11:00:00,GBA,4104.07
2025-02-25 12:00:00,GBA,4070.33
2025-02-25 13:00:00,GBA,4244.83
2025-02-25 14:00:00,GBA,4171.77
2025-02-25 15:00:00,GBA,4145.82
2025-02-25 16:00:00,GBA,4146.47
2025-02-25 17:00:00,GBA,4286.55
2025-02-25 18:00:00,GBA,4265.75
2025-02-25 19:00:00,GBA,4150.25
2025-02-25 20:00:00,GBA,4194.74
2025-02-25 21:00:00,GBA,4288.27
2025-02-25 22:00:00,GBA,4373.37
2025-02-25 23:00:00,GBA,4213.44
2025-02-26 00:00:00,GBA,4412.69
2025-02-26 01:00:00,GBA,4269.97
2025-02-26 02:00:00,GBA,4710.94
2025-02-26 03:00:00,GBA,4285.44
2025-02-26 04:00:00,GBA,4318.29
2025-02-26 05:00:00,GBA,4451.1
2025-02-26 06:00:00,GBA,4334.21
2025-02-26 07:00:00,GBA,4556.42
2025-02-26 08:00:00,GBA,4687.8
2025-02-26 09:00:00,GBA,4439.56
2025-02-26 10:00:00,GBA,4521.14
2025-02-26 11:00:00,GBA,4452.48
2025-02-26 12:00:00,GBA,4528.68
2025-02-26 13:00:00,GBA,4714.42
2025-02-26 14:00:00,GBA,4663.67
2025-02-26 15:00:00,GBA,4461.43
2025-02-26 16:00:00,GBA,4768.83
2025-02-26 17:00:00,GBA,4735.95
2025-02-26 18:00:00,GBA,4667.82
2025-02-26 19:00:00,GBA,4543.07
2025-02-26 20:00:00,GBA,4642.54
2025-02-26 21:00:00,GBA,4551.42
2025-02-26 22:00:00,GBA,4714.94
2025-02-26 23:00:00,GBA,4632.52
2025-02-27 00:00:00,GBA,4413.68
2025-02-27 01:00:00,GBA,4804.1
2025-02-27 02:00:00,GBA,4726.7
2025-02-27 03:00:00,GBA,4843.59
2025-02-27 04:00:00,GBA,4707.95
2025-02-27 05:00:00,GBA,4756.69
2025-02-27 06:00:00,GBA,4877.35
2025-02-27 07:00:00,GBA,4799.12
2025-02-27 08:00:00,GBA,4795.87
2025-02-27 09:00:00,GBA,5155.39
2025-02-27 10:00:00,GBA,4757.37
2025-02-27 11:00:00,GBA,4805.56
2025-02-27 12:00:00,GBA,5000.56
2025-02-27 13:00:00,GBA,4702.71
2025-02-27 14:00:00,GBA,4680.84
2025-02-27 15:00:00,GBA,4639.97
2025-02-27 16:00:00,GBA,4881.52
2025-02-27 17:00:00,GBA,4897.82
2025-02-27 18:00:00,GBA,4916.58
2025-02-27 19:00:00,GBA,4669.64
2025-02-27 20:00:00,GBA,4956.84
2025-02-27 21:00:00,GBA,4983.48
2025-02-27 22:00:00,GBA,4831.4
2025-02-27 23:00:00,GBA,4849.86
2025-02-28 00:00:00,GBA,4929.51
2025-02-28 01:00:00,GBA,4894.59
2025-02-28 02:00:00,GBA,4929.27
2025-02-28 03:00:00,GBA,4723.22
2025-02-28 04:00:00,GBA,4833.54
2025-02-28 05:00:00,GBA,4709.57
2025-02-28 06:00:00,GBA,4931.02
2025-02-28 07:00:00,GBA,4918.74
2025-02-28 08:00:00,GBA,4842.74
2025-02-28 09:00:00,GBA,4889.35
2025-02-28 10:00:00,GBA,4665.75
2025-02-28 11:00:00,GBA,4953.95
2025-02-28 12:00:00,GBA,4793.07
2025-02-28 13:00:00,GBA,4862.45
2025-02-28 14:00:00,GBA,4978.34
2025-02-28 15:00:00,GBA,4750.94
2025-02-28 16:00:00,GBA,4982.34
2025-02-28 17:00:00,GBA,4850.23
2025-02-28 18:00:00,GBA,4835.14
2025-02-28 19:00:00,GBA,4894.64
2025-02-28 20:00:00,GBA,4674.2
2025-02-28 21:00:00,GBA,4890.84
2025-02-28 22:00:00,GBA,4822.41
2025-02-28 23:00:00,GBA,4934.67
2025-03-01 00:00:00,GBA,4779.4
2025-03-01 01:00:00,GBA,4756.75
2025-03-01 02:00:00,GBA,4839.47
2025-03-01 03:00:00,GBA,4782.62
2025-03-01 04:00:00,GBA,4643.36
2025-03-01 05:00:00,GBA,4755.34
2025-03-01 06:00:00,GBA,4925.01
2025-03-01 07:00:00,GBA,4755.92
2025-03-01 08:00:00,GBA,4656.75
2025-03-01 09:00:00,GBA,4841.19
2025-03-01 10:00:00,GBA,4526.88
2025-03-01 11:00:00,GBA,4488.86
2025-03-01 12:00:00,GBA,4736.78
2025-03-01 13:00:00,GBA,4752.99
2025-03-01 14:00:00,GBA,4751.74
2025-03-01 15:00:00,GBA,4612.2
2025-03-01 16:00:00,GBA,4695.37
2025-03-01 17:00:00,GBA,4539.75
2025-03-01 18:00:00,GBA,4728.19
2025-03-01 19:00:00,GBA,4502.34
2025-03-01 20:00:00,GBA,4672.72
2025-03-01 21:00:00,GBA,4716.6
2025-03-01 22:00:00,GBA,4469.13
2025-03-01 23:00:00,GBA,4612.1
2025-03-02 00:00:00,GBA,4764.41
2025-03-02 01:00:00,GBA,4850.93
2025-03-02 02:00:00,GBA,4480.0
2025-03-02 03:00:00,GBA,4696.89
2025-03-02 04:00:00,GBA,4503.63
2025-03-02 05:00:00,GBA,4486.59
2025-03-02 06:00:00,GBA,4835.88
2025-03-02 07:00:00,GBA,4721.12
2025-03-02 08:00:00,GBA,4541.3
2025-03-02 09:00:00,GBA,4661.23
2025-03-02 10:00:00,GBA,4709.41
2025-03-02 11:00:00,GBA,4651.87
2025-03-02 12:00:00,GBA,4897.84
2025-03-02 13:00:00,GBA,4699.24
2025-03-02 14:00:00,GBA,4266.09
2025-03-02 15:00:00,GBA,4589.47
2025-03-02 16:00:00,GBA,4535.31
2025-03-02 17:00:00,GBA,4598.95
2025-03-02 18:00:00,GBA,4625.19
2025-03-02 19:00:00,GBA,4545.92
2025-03-02 20:00:00,GBA,4494.74
2025-03-02 21:00:00,GBA,4789.78
2025-03-02 22:00:00,GBA,4699.49
2025-03-02 23:00:00,GBA,4549.35
2025-03-03 00:00:00,GBA,4713.83
2025-03-03 01:00:00,GBA,4716.12
2025-03-03 02:00:00,GBA,4790.4
2025-03-03 03:00:00,GBA,4515.32
2025-03-03 04:00:00,GBA,4739.58
2025-03-03 05:00:00,GBA,4577.5
2025-03-03 06:00:00,GBA,4793.9
2025-03-03 07:00:00,GBA,4637.46
2025-03-03 08:00:00,GBA,4393.61
2025-03-03 09:00:00,GBA,4676.54
2025-03-03 10:00:00,GBA,4464.67
2025-03-03 11:00:00,GBA,4659.6
2025-03-03 12:00:00,GBA,4685.95
2025-03-03 13:00:00,GBA,4652.45
2025-03-03 14:00:00,GBA,4530.24
2025-03-03 15:00:00,GBA,4583.23
2025-03-03 16:00:00,GBA,4624.6
2025-03-03 17:00:00,GBA,4705.38
2025-03-03 18:00:00,GBA,4899.35
2025-03-03 19:00:00,GBA,4839.76
2025-03-03 20:00:00,GBA,4708.29
2025-03-03 21:00:00,GBA,4928.46
2025-03-03 22:00:00,GBA,4622.4
2025-03-03 23:00:00,GBA,4880.07
2025-03-04 00:00:00,GBA,4788.46
2025-03-04 01:00:00,GBA,4849.78
2025-03-04 02:00:00,GBA,4910.27
2025-03-04 03:00:00,GBA,4764.63
2025-03-04 04:00:00,GBA,4955.11
2025-03-04 05:00:00,GBA,4870.92
2025-03-04 06:00:00,GBA,5174.76
2025-03-04 07:00:00,GBA,4862.39
2025-03-04 08:00:00,GBA,5064.99
2025-03-04 09:00:00,GBA,5004.34
2025-03-04 10:00:00,GBA,4799.99
2025-03-04 11:00:00,GBA,5118.55
2025-03-04 12:00:00,GBA,4842.59
2025-03-04 13:00:00,GBA,4716.72
2025-03-04 14:00:00,GBA,5101.82
2025-03-04 15:00:00,GBA,5142.69
2025-03-04 16:00:00,GBA,5035.77
2025-03-04 17:00:00,GBA,5013.41
2025-03-04 18:00:00,GBA,5250.07
2025-03-04 19:00:00,GBA,5160.81
2025-03-04 20:00:00,GBA,5012.1
2025-03-04 21:00:00,GBA,5194.04
2025-03-04 22:00:00,GBA,4972.53
2025-03-04 23:00:00,GBA,5070.13
2025-03-05 00:00:00,GBA,5026.54
2025-03-05 01:00:00,GBA,4904.11
2025-03-05 02:00:00,GBA,5042.23
2025-03-05 03:00:00,GBA,5345.53
2025-03-05 04:00:00,GBA,5082.37
2025-03-05 05:00:00,GBA,5163.28
2025-03-05 06:00:00,GBA,5105.03
2025-03-05 07:00:00,GBA,5363.17
2025-03-05 08:00:00,GBA,5274.24
2025-03-05 09:00:00,GBA,5347.64
2025-03-05 10:00:00,GBA,5290.56
2025-03-05 11:00:00,GBA,5177.02
2025-03-05 12:00:00,GBA,5214.77
2025-03-05 13:00:00,GBA,5446.01
2025-03-05 14:00:00,GBA,5352.31
2025-03-05 15:00:00,GBA,5465.55
2025-03-05 16:00:00,GBA,5006.28
2025-03-05 17:00:00,GBA,5531.9
2025-03-05 18:00:00,GBA,5352.03
2025-03-05 19:00:00,GBA,5684.38
2025-03-05 20:00:00,GBA,5374.37
2025-03-05 21:00:00,GBA,5450.75
2025-03-05 22:00:00,GBA,5537.97
2025-03-05 23:00:00,GBA,5364.66
2025-03-06 00:00:00,GBA,5585.16
2025-03-06 01:00:00,GBA,5413.33
2025-03-06 02:00:00,GBA,5655.39
2025-03-06 03:00:00,GBA,5605.45
2025-03-06 04:00:00,GBA,5578.91
2025-03-06 05:00:00,GBA,5441.31
2025-03-06 06:00:00,GBA,5511.31
2025-03-06 07:00:00,GBA,5580.52
2025-03-06 08:00:00,GBA,5308.07
2025-03-06 09:00:00,GBA,5492.97
2025-03-06 10:00:00,GBA,5678.42
2025-03-06 11:00:00,GBA,5419.91
2025-03-06 12:00:00,GBA,5731.37
2025-03-06 13:00:00,GBA,5507.84
2025-03-06 14:00:00,GBA,5626.93
2025-03-06 15:00:00,GBA,5454.87
2025-03-06 16:00:00,GBA,5654.71
2025-03-06 17:00:00,GBA,5655.65
2025-03-06 18:00:00,GBA,5739.57
2025-03-06 19:00:00,GBA,5768.31
2025-03-06 20:00:00,GBA,5758.41
2025-03-06 21:00:00,GBA,5634.77
2025-03-06 22:00:00,GBA,5463.81
2025-03-06 23:00:00,GBA,5770.6
2025-03-07 00:00:00,GBA,5455.6
2025-03-07 01:00:00,GBA,5559.35
2025-03-07 02:00:00,GBA,5699.9
2025-03-07 03:00:00,GBA,5663.68
2025-03-07 04:00:00,GBA,5800.2
2025-03-07 05:00:00,GBA,5606.69
2025-03-07 06:00:00,GBA,5402.09
2025-03-07 07:00:00,GBA,5569.16
2025-03-07 08:00:00,GBA,5619.97
2025-03-07 09:00:00,GBA,5553.5
2025-03-07 10:00:00,GBA,5761.15
2025-03-07 11:00:00,GBA,5557.64
2025-03-07 12:00:00,GBA,5410.38
2025-03-07 13:00:00,GBA,5633.64
2025-03-07 14:00:00,GBA,5434.5
2025-03-07 15:00:00,GBA,5770.45
2025-03-07 16:00:00,GBA,5592.77
2025-03-07 17:00:00,GBA,5385.54
2025-03-07 18:00:00,GBA,5676.72
2025-03-07 19:00:00,GBA,5824.46
2025-03-07 20:00:00,GBA,5292.32
2025-03-07 21:00:00,GBA,5633.56
2025-03-07 22:00:00,GBA,5575.39
2025-03-07 23:00:00,GBA,5530.26
2025-03-08 00:00:00,GBA,5542.0
2025-03-08 01:00:00,GBA,5551.22
2025-03-08 02:00:00,GBA,5400.22
2025-03-08 03:00:00,GBA,5643.69
2025-03-08 04:00:00,GBA,5303.24
2025-03-08 05:00:00,GBA,5690.85
2025-03-08 06:00:00,GBA,5629.63
2025-03-08 07:00:00,GBA,5294.33
2025-03-08 08:00:00,GBA,5426.24
2025-03-08 09:00:00,GBA,5587.39
2025-03-08 10:00:00,GBA,5348.12
2025-03-08 11:00:00,GBA,5377.51
2025-03-08 12:00:00,GBA,5338.6
2025-03-08 13:00:00,GBA,5516.83
2025-03-08 14:00:00,GBA,5293.64
2025-03-08 15:00:00,GBA,5355.18
2025-03-08 16:00:00,GBA,5411.0
2025-03-08 17:00:00,GBA,5311.09
2025-03-08 18:00:00,GBA,5221.88
2025-03-08 19:00:00,GBA,5154.78
2025-03-08 20:00:00,GBA,5123.54
2025-03-08 21:00:00,GBA,5154.21
2025-03-08 22:00:00,GBA,5079.46
2025-03-08 23:00:00,GBA,5188.95
2025-03-09 00:00:00,GBA,5302.57
2025-03-09 01:00:00,GBA,5263.55
2025-03-09 02:00:00,GBA,5148.52
2025-03-09 03:00:00,GBA,5116.38
2025-03-09 04:00:00,GBA,5110.34
2025-03-09 05:00:00,GBA,5054.19
2025-03-09 06:00:00,GBA,5063.83
2025-03-09 07:00:00,GBA,5289.47
2025-03-09 08:00:00,GBA,5027.03
2025-03-09 09:00:00,GBA,5189.74
2025-03-09 10:00:00,GBA,5105.83
2025-03-09 11:00:00,GBA,5463.94
2025-03-09 12:00:00,GBA,4949.82
2025-03-09 13:00:00,GBA,5181.79
2025-03-09 14:00:00,GBA,5111.99
2025-03-09 15:00:00,GBA,5053.24
2025-03-09 16:00:00,GBA,5177.65
2025-03-09 17:00:00,GBA,5152.86
2025-03-09 18:00:00,GBA,5000.62
2025-03-09 19:00:00,GBA,5175.07
2025-03-09 20:00:00,GBA,5165.98
2025-03-09 21:00:00,GBA,5272.12
2025-03-09 22:00:00,GBA,5037.85
2025-03-09 23:00:00,GBA,5283.91
2025-03-10 00:00:00,GBA,5080.62
2025-03-10 01:00:00,GBA,4864.25
2025-03-10 02:00:00,GBA,5161.65
2025-03-10 03:00:00,GBA,5086.96
2025-03-10 04:00:00,GBA,4989.12
2025-03-10 05:00:00,GBA,5205.61
2025-03-10 06:00:00,GBA,5036.02
2025-03-10 07:00:00,GBA,5214.01
2025-03-10 08:00:00,GBA,5081.8
2025-03-10 09:00:00,GBA,5181.88
2025-03-10 10:00:00,GBA,5173.86
2025-03-10 11:00:00,GBA,5149.97
2025-03-10 12:00:00,GBA,4970.56
2025-03-10 13:00:00,GBA,5206.37
2025-03-10 14:00:00,GBA,5100.56
2025-03-10 15:00:00,GBA,5340.53
2025-03-10 16:00:00,GBA,5160.36
2025-03-10 17:00:00,GBA,5196.06
2025-03-10 18:00:00,GBA,5017.48
2025-03-10 19:00:00,GBA,5064.21
2025-03-10 20:00:00,GBA,5128.56
2025-03-10 21:00:00,GBA,4980.82
2025-03-10 22:00:00,GBA,4985.48
2025-03-10 23:00:00,GBA,5117.82
2025-03-11 00:00:00,GBA,5126.74
2025-03-11 01:00:00,GBA,5165.85
2025-03-11 02:00:00,GBA,5281.45
2025-03-11 03:00:00,GBA,5105.41
2025-03-11 04:00:00,GBA,5241.47
2025-03-11 05:00:00,GBA,5148.96
2025-03-11 06:00:00,GBA,5149.82
2025-03-11 07:00:00,GBA,5210.95
2025-03-11 08:00:00,GBA,4939.19
2025-03-11 09:00:00,GBA,5202.68
2025-03-11 10:00:00,GBA,5125.71
2025-03-11 11:00:00,GBA,5098.47
2025-03-11 12:00:00,GBA,4991.52
2025-03-11 13:00:00,GBA,5172.86
2025-03-11 14:00:00,GBA,5008.89
2025-03-11 15:00:00,GBA,5346.88
2025-03-11 16:00:00,GBA,5222.13
2025-03-11 17:00:00,GBA,5057.47
2025-03-11 18:00:00,GBA,5187.02
2025-03-11 19:00:00,GBA,5367.03
2025-03-11 20:00:00,GBA,5213.67
2025-03-11 21:00:00,GBA,5259.95
2025-03-11 22:00:00,GBA,5258.05
2025-03-11 23:00:00,GBA,5295.6
2025-03-12 00:00:00,GBA,5115.64
2025-03-12 01:00:00,GBA,5322.74
2025-03-12 02:00:00,GBA,5269.75
2025-03-12 03:00:00,GBA,5699.63
2025-03-12 04:00:00,GBA,5327.98
2025-03-12 05:00:00,GBA,5307.13
2025-03-12 06:00:00,GBA,5488.58
2025-03-12 07:00:00,GBA,5359.25
2025-03-12 08:00:00,GBA,5416.25
2025-03-12 09:00:00,GBA,5288.67
2025-03-12 10:00:00,GBA,5587.72
2025-03-12 11:00:00,GBA,5333.12
2025-03-12 12:00:00,GBA,5460.62
2025-03-12 13:00:00,GBA,5558.38
2025-03-12 14:00:00,GBA,5392.64
2025-03-12 15:00:00,GBA,5435.6
2025-03-12 16:00:00,GBA,5512.18
2025-03-12 17:00:00,GBA,5529.63
2025-03-12 18:00:00,GBA,5322.52
2025-03-12 19:00:00,GBA,5480.44
2025-03-12 20:00:00,GBA,5350.23
2025-03-12 21:00:00,GBA,5378.93
2025-03-12 22:00:00,GBA,5394.93
2025-03-12 23:00:00,GBA,5622.68
2025-03-13 00:00:00,GBA,5672.03
2025-03-13 01:00:00,GBA,5796.4
2025-03-13 02:00:00,GBA,5479.9
2025-03-13 03:00:00,GBA,5388.27
2025-03-13 04:00:00,GBA,5375.07
2025-03-13 05:00:00,GBA,5686.08
2025-03-13 06:00:00,GBA,5309.95
2025-03-13 07:00:00,GBA,5457.48
2025-03-13 08:00:00,GBA,5428.13
2025-03-13 09:00:00,GBA,5706.18
2025-03-13 10:00:00,GBA,5374.27
2025-03-13 11:00:00,GBA,5627.33
2025-03-13 12:00:00,GBA,5651.56
2025-03-13 13:00:00,GBA,5472.33
2025-03-13 14:00:00,GBA,5546.14
2025-03-13 15:00:00,GBA,5303.14
2025-03-13 16:00:00,GBA,5474.25
2025-03-13 17:00:00,GBA,5455.63
2025-03-13 18:00:00,GBA,5168.04
2025-03-13 19:00:00,GBA,5523.14
2025-03-13 20:00:00,GBA,5511.18
2025-03-13 21:00:00,GBA,5260.17
2025-03-13 22:00:00,GBA,5288.27
2025-03-13 23:00:00,GBA,5361.75
2025-03-14 00:00:00,GBA,5381.65
2025-03-14 01:00:00,GBA,5401.44
2025-03-14 02:00:00,GBA,5315.84
2025-03-14 03:00:00,GBA,5302.07
2025-03-14 04:00:00,GBA,5451.56
2025-03-14 05:00:00,GBA,5349.1
2025-03-14 06:00:00,GBA,5384.26
2025-03-14 07:00:00,GBA,5360.05
2025-03-14 08:00:00,GBA,5432.62
2025-03-14 09:00:00,GBA,5349.0
2025-03-14 10:00:00,GBA,5460.28
2025-03-14 11:00:00,GBA,5358.26
2025-03-14 12:00:00,GBA,5441.23
2025-03-14 13:00:00,GBA,5472.5
2025-03-14 14:00:00,GBA,5135.54
2025-03-14 15:00:00,GBA,5409.07
2025-03-14 16:00:00,GBA,5499.67
2025-03-14 17:00:00,GBA,5156.03
2025-03-14 18:00:00,GBA,5255.62
2025-03-14 19:00:00,GBA,5203.0
2025-03-14 20:00:00,GBA,5284.92
2025-03-14 21:00:00,GBA,5280.32
2025-03-14 22:00:00,GBA,5123.26
2025-03-14 23:00:00,GBA,5346.5
2025-03-15 00:00:00,GBA,5071.41
2025-03-15 01:00:00,GBA,5142.62
2025-03-15 02:00:00,GBA,5266.87
2025-03-15 03:00:00,GBA,5363.11
2025-03-15 04:00:00,GBA,5051.67
2025-03-15 05:00:00,GBA,5191.42
2025-03-15 06:00:00,GBA,5108.18
2025-03-15 07:00:00,GBA,4876.0
2025-03-15 08:00:00,GBA,4935.3
2025-03-15 09:00:00,GBA,4889.3
2025-03-15 10:00:00,GBA,4957.36
2025-03-15 11:00:00,GBA,4951.59
2025-03-15 12:00:00,GBA,4988.76
2025-03-15 13:00:00,GBA,5122.53
2025-03-15 14:00:00,GBA,5003.7
2025-03-15 15:00:00,GBA,5255.19
2025-03-15 16:00:00,GBA,4891.46
2025-03-15 17:00:00,GBA,4999.28
2025-03-15 18:00:00,GBA,4938.26
2025-03-15 19:00:00,GBA,5053.37
2025-03-15 20:00:00,GBA,4811.28
2025-03-15 21:00:00,GBA,4942.41
2025-03-15 22:00:00,GBA,5020.86
2025-03-15 23:00:00,GBA,4723.4
2025-03-16 00:00:00,GBA,4785.6
2025-03-16 01:00:00,GBA,4839.96
2025-03-16 02:00:00,GBA,4712.31
2025-03-16 03:00:00,GBA,4644.7
2025-03-16 04:00:00,GBA,4955.12
2025-03-16 05:00:00,GBA,4693.32
2025-03-16 06:00:00,GBA,4914.9
2025-03-16 07:00:00,GBA,4631.99
2025-03-16 08:00:00,GBA,4654.6
2025-03-16 09:00:00,GBA,4761.84
2025-03-16 10:00:00,GBA,4628.48
2025-03-16 11:00:00,GBA,4532.67
2025-03-16 12:00:00,GBA,4541.78
2025-03-16 13:00:00,GBA,4648.85
2025-03-16 14:00:00,GBA,4524.49
2025-03-16 15:00:00,GBA,4603.63
2025-03-16 16:00:00,GBA,4311.17
2025-03-16 17:00:00,GBA,4504.42
2025-03-16 18:00:00,GBA,4539.47
2025-03-16 19:00:00,GBA,4489.69
2025-03-16 20:00:00,GBA,4422.45
2025-03-16 21:00:00,GBA,4426.52
2025-03-16 22:00:00,GBA,4532.26
2025-03-16 23:00:00,GBA,4693.91
2025-03-17 00:00:00,GBA,4339.71
2025-03-17 01:00:00,GBA,4466.84
2025-03-17 02:00:00,GBA,4610.13
2025-03-17 03:00:00,GBA,4526.32
2025-03-17 04:00:00,GBA,4468.65
2025-03-17 05:00:00,GBA,4419.95
2025-03-17 06:00:00,GBA,4470.19
2025-03-17 07:00:00,GBA,4451.45
2025-03-17 08:00:00,GBA,4196.61
2025-03-17 09:00:00,GBA,4368.92
2025-03-17 10:00:00,GBA,4217.11
2025-03-17 11:00:00,GBA,4602.65
2025-03-17 12:00:00,GBA,4543.52
2025-03-17 13:00:00,GBA,4347.71
2025-03-17 14:00:00,GBA,4536.79
2025-03-17 15:00:00,GBA,4732.36
2025-03-17 16:00:00,GBA,4362.46
2025-03-17 17:00:00,GBA,4592.26
2025-03-17 18:00:00,GBA,4479.35
2025-03-17 19:00:00,GBA,4407.33
2025-03-17 20:00:00,GBA,4303.29
2025-03-17 21:00:00,GBA,4369.93
2025-03-17 22:00:00,GBA,4390.25
2025-03-17 23:00:00,GBA,4161.11
2025-03-18 00:00:00,GBA,4504.36
2025-03-18 01:00:00,GBA,4404.14
2025-03-18 02:00:00,GBA,4500.22
2025-03-18 03:00:00,GBA,4397.49
2025-03-18 04:00:00,GBA,4810.59
2025-03-18 05:00:00,GBA,4255.21
2025-03-18 06:00:00,GBA,4345.69
2025-03-18 07:00:00,GBA,4546.14
2025-03-18 08:00:00,GBA,4748.64
2025-03-18 09:00:00,GBA,4350.89
2025-03-18 10:00:00,GBA,4694.08
2025-03-18 11:00:00,GBA,4369.35
2025-03-18 12:00:00,GBA,4639.63
2025-03-18 13:00:00,GBA,4498.7
2025-03-18 14:00:00,GBA,4762.66
2025-03-18 15:00:00,GBA,4714.47
2025-03-18 16:00:00,GBA,4428.63
2025-03-18 17:00:00,GBA,4864.51
2025-03-18 18:00:00,GBA,4383.32
2025-03-18 19:00:00,GBA,4486.69
2025-03-18 20:00:00,GBA,4747.47
2025-03-18 21:00:00,GBA,4448.63
2025-03-18 22:00:00,GBA,4466.18
2025-03-18 23:00:00,GBA,4565.21
2025-03-19 00:00:00,GBA,4610.26
2025-03-19 01:00:00,GBA,4608.86
2025-03-19 02:00:00,GBA,4479.36
2025-03-19 03:00:00,GBA,4598.91
2025-03-19 04:00:00,GBA,4658.18
2025-03-19 05:00:00,GBA,4768.53
2025-03-19 06:00:00,GBA,4633.74
2025-03-19 07:00:00,GBA,4450.24
2025-03-19 08:00:00,GBA,4610.15
2025-03-19 09:00:00,GBA,4538.32
2025-03-19 10:00:00,GBA,4777.0
2025-03-19 11:00:00,GBA,4423.46
2025-03-19 12:00:00,GBA,4697.33
2025-03-19 13:00:00,GBA,4507.81
2025-03-19 14:00:00,GBA,4793.62
2025-03-19 15:00:00,GBA,4738.65
2025-03-19 16:00:00,GBA,4677.36
2025-03-19 17:00:00,GBA,4716.36
2025-03-19 18:00:00,GBA,4619.84
2025-03-19 19:00:00,GBA,4745.62
2025-03-19 20:00:00,GBA,4662.58
2025-03-19 21:00:00,GBA,4760.03
2025-03-19 22:00:00,GBA,4682.8
2025-03-19 23:00:00,GBA,4381.23
2025-03-20 00:00:00,GBA,4620.24
2025-03-20 01:00:00,GBA,4866.58
2025-03-20 02:00:00,GBA,4861.09
2025-03-20 03:00:00,GBA,4701.31
2025-03-20 04:00:00,GBA,4675.29
2025-03-20 05:00:00,GBA,4651.5
2025-03-20 06:00:00,GBA,4768.37
2025-03-20 07:00:00,GBA,4762.81
2025-03-20 08:00:00,GBA,4576.1
2025-03-20 09:00:00,GBA,4772.89
2025-03-20 10:00:00,GBA,4840.98
2025-03-20 11:00:00,GBA,4577.62
2025-03-20 12:00:00,GBA,4668.58
2025-03-20 13:00:00,GBA,4745.04
2025-03-20 14:00:00,GBA,4774.18
2025-03-20 15:00:00,GBA,4634.64
2025-03-20 16:00:00,GBA,4618.92
2025-03-20 17:00:00,GBA,4623.58
2025-03-20 18:00:00,GBA,4721.96
2025-03-20 19:00:00,GBA,4723.33
2025-03-20 20:00:00,GBA,4665.23
2025-03-20 21:00:00,GBA,4499.18
2025-03-20 22:00:00,GBA,4527.04
2025-03-20 23:00:00,GBA,4728.82
2025-03-21 00:00:00,GBA,4500.06
2025-03-21 01:00:00,GBA,4667.57
2025-03-21 02:00:00,GBA,4590.55
2025-03-21 03:00:00,GBA,4554.65
2025-03-21 04:00:00,GBA,4622.84
2025-03-21 05:00:00,GBA,4813.16
2025-03-21 06:00:00,GBA,4638.66
2025-03-21 07:00:00,GBA,4560.19
2025-03-21 08:00:00,GBA,4410.2
2025-03-21 09:00:00,GBA,4639.47
2025-03-21 10:00:00,GBA,4705.09
2025-03-21 11:00:00,GBA,4631.95
2025-03-21 12:00:00,GBA,4689.05
2025-03-21 13:00:00,GBA,4596.11
2025-03-21 14:00:00,GBA,4372.03
2025-03-21 15:00:00,GBA,4512.26
2025-03-21 16:00:00,GBA,4569.61
2025-03-21 17:00:00,GBA,4581.88
2025-03-21 18:00:00,GBA,4424.68
2025-03-21 19:00:00,GBA,4464.51
2025-03-21 20:00:00,GBA,4504.07
2025-03-21 21:00:00,GBA,4600.58
2025-03-21 22:00:00,GBA,4556.33
2025-03-21 23:00:00,GBA,4500.76
2025-03-22 00:00:00,GBA,4458.1
2025-03-22 01:00:00,GBA,4274.72
2025-03-22 02:00:00,GBA,4252.72
2025-03-22 03:00:00,GBA,4360.77
2025-03-22 04:00:00,GBA,4483.65
2025-03-22 05:00:00,GBA,4392.88
2025-03-22 06:00:00,GBA,4399.48
2025-03-22 07:00:00,GBA,4138.63
2025-03-22 08:00:00,GBA,4130.04
2025-03-22 09:00:00,GBA,4426.42
2025-03-22 10:00:00,GBA,4274.48
2025-03-22 11:00:00,GBA,4107.6
2025-03-22 12:00:00,GBA,4357.73
2025-03-22 13:00:00,GBA,4269.51
2025-03-22 14:00:00,GBA,4579.45
2025-03-22 15:00:00,GBA,4362.08
2025-03-22 16:00:00,GBA,4240.58
2025-03-22 17:00:00,GBA,4167.84
2025-03-22 18:00:00,GBA,4200.97
2025-03-22 19:00:00,GBA,4148.03
2025-03-22 20:00:00,GBA,3975.1
2025-03-22 21:00:00,GBA,4246.63
2025-03-22 22:00:00,GBA,4156.07
2025-03-22 23:00:00,GBA,3780.47
2025-03-23 00:00:00,GBA,4022.94
2025-03-23 01:00:00,GBA,3988.14
2025-03-23 02:00:00,GBA,4193.92
2025-03-23 03:00:00,GBA,4059.81
2025-03-23 04:00:00,GBA,4232.74
2025-03-23 05:00:00,GBA,3852.69
2025-03-23 06:00:00,GBA,3904.3
2025-03-23 07:00:00,GBA,4151.48
2025-03-23 08:00:00,GBA,3935.14
2025-03-23 09:00:00,GBA,3877.41
2025-03-23 10:00:00,GBA,3932.26
2025-03-23 11:00:00,GBA,3895.65
2025-03-23 12:00:00,GBA,4043.28
2025-03-23 13:00:00,GBA,4104.85
2025-03-23 14:00:00,GBA,3772.72
2025-03-23 15:00:00,GBA,3921.14
2025-03-23 16:00:00,GBA,3951.02
2025-03-23 17:00:00,GBA,3952.86
2025-03-23 18:00:00,GBA,4037.09
2025-03-23 19:00:00,GBA,3946.0
2025-03-23 20:00:00,GBA,3857.0
2025-03-23 21:00:00,GBA,3788.54
2025-03-23 22:00:00,GBA,3698.84
2025-03-23 23:00:00,GBA,3869.55
2025-03-24 00:00:00,GBA,3912.54
2025-03-24 01:00:00,GBA,4018.6
2025-03-24 02:00:00,GBA,3860.3
2025-03-24 03:00:00,GBA,4182.58
2025-03-24 04:00:00,GBA,3893.12
2025-03-24 05:00:00,GBA,3843.33
2025-03-24 06:00:00,GBA,3946.49
2025-03-24 07:00:00,GBA,3784.31
2025-03-24 08:00:00,GBA,3926.27
2025-03-24 09:00:00,GBA,3654.4
2025-03-24 10:00:00,GBA,3984.57
2025-03-24 11:00:00,GBA,3913.25
2025-03-24 12:00:00,GBA,3932.79
2025-03-24 13:00:00,GBA,3928.82
2025-03-24 14:00:00,GBA,3760.57
2025-03-24 15:00:00,GBA,3809.21
2025-03-24 16:00:00,GBA,4109.07
2025-03-24 17:00:00,GBA,3984.95
2025-03-24 18:00:00,GBA,3858.86
2025-03-24 19:00:00,GBA,3986.41
2025-03-24 20:00:00,GBA,3990.58
2025-03-24 21:00:00,GBA,4182.37
2025-03-24 22:00:00,GBA,4087.65
2025-03-24 23:00:00,GBA,4010.72
2025-03-25 00:00:00,GBA,3914.84
2025-03-25 01:00:00,GBA,4190.51
2025-03-25 02:00:00,GBA,3972.37
2025-03-25 03:00:00,GBA,3888.54
2025-03-25 04:00:00,GBA,3855.36
2025-03-25 05:00:00,GBA,3907.42
2025-03-25 06:00:00,GBA,3976.65
2025-03-25 07:00:00,GBA,4121.93
2025-03-25 08:00:00,GBA,4149.7
2025-03-25 09:00:00,GBA,4188.57
2025-03-25 10:00:00,GBA,4079.38
2025-03-25 11:00:00,GBA,4171.64
2025-03-25 12:00:00,GBA,4354.06
2025-03-25 13:00:00,GBA,4203.49
2025-03-25 14:00:00,GBA,4298.12
2025-03-25 15:00:00,GBA,3936.22
2025-03-25 16:00:00,GBA,4040.38
2025-03-25 17:00:00,GBA,4051.33
2025-03-25 18:00:00,GBA,3832.44
2025-03-25 19:00:00,GBA,4174.89
2025-03-25 20:00:00,GBA,4345.62
2025-03-25 21:00:00,GBA,4126.88
2025-03-25 22:00:00,GBA,4227.25
2025-03-25 23:00:00,GBA,4114.07
2025-03-26 00:00:00,GBA,4170.36
2025-03-26 01:00:00,GBA,4276.46
2025-03-26 02:00:00,GBA,4111.61
2025-03-26 03:00:00,GBA,4408.89
2025-03-26 04:00:00,GBA,4050.65
2025-03-26 05:00:00,GBA,4332.44
2025-03-26 06:00:00,GBA,4247.63
2025-03-26 07:00:00,GBA,4498.09
2025-03-26 08:00:00,GBA,4423.54
2025-03-26 09:00:00,GBA,4094.66
2025-03-26 10:00:00,GBA,4066.61
2025-03-26 11:00:00,GBA,4249.57
2025-03-26 12:00:00,GBA,4321.77
2025-03-26 13:00:00,GBA,4371.52
2025-03-26 14:00:00,GBA,4409.84
2025-03-26 15:00:00,GBA,4498.89
2025-03-26 16:00:00,GBA,4265.8
2025-03-26 17:00:00,GBA,4225.12
2025-03-26 18:00:00,GBA,4482.74
2025-03-26 19:00:00,GBA,4420.16
2025-03-26 20:00:00,GBA,4461.88
2025-03-26 21:00:00,GBA,4407.82
2025-03-26 22:00:00,GBA,4474.36
2025-03-26 23:00:00,GBA,4683.56
2025-03-27 00:00:00,GBA,4320.14
2025-03-27 01:00:00,GBA,4377.34
2025-03-27 02:00:00,GBA,4610.56
2025-03-27 03:00:00,GBA,4730.52
2025-03-27 04:00:00,GBA,4526.3
2025-03-27 05:00:00,GBA,4407.67
2025-03-27 06:00:00,GBA,4326.95
2025-03-27 07:00:00,GBA,4605.9
2025-03-27 08:00:00,GBA,4431.92
2025-03-27 09:00:00,GBA,4849.76
2025-03-27 10:00:00,GBA,4876.17
2025-03-27 11:00:00,GBA,4628.46
2025-03-27 12:00:00,GBA,4665.32
2025-03-27 13:00:00,GBA,4598.31
2025-03-27 14:00:00,GBA,4754.48
2025-03-27 15:00:00,GBA,4621.73
2025-03-27 16:00:00,GBA,4633.96
2025-03-27 17:00:00,GBA,4793.47
2025-03-27 18:00:00,GBA,4708.85
2025-03-27 19:00:00,GBA,4892.53
2025-03-27 20:00:00,GBA,4443.11
2025-03-27 21:00:00,GBA,4575.2
2025-03-27 22:00:00,GBA,4535.35
2025-03-27 23:00:00,GBA,4746.41
2025-03-28 00:00:00,GBA,4587.36
2025-03-28 01:00:00,GBA,4719.69
2025-03-28 02:00:00,GBA,4507.58
2025-03-28 03:00:00,GBA,4636.62
2025-03-28 04:00:00,GBA,4923.3
2025-03-28 05:00:00,GBA,4843.62
2025-03-28 06:00:00,GBA,4420.6
2025-03-28 07:00:00,GBA,4688.44
2025-03-28 08:00:00,GBA,4742.17
2025-03-28 09:00:00,GBA,4581.8
2025-03-28 10:00:00,GBA,4506.39
2025-03-28 11:00:00,GBA,4715.46
2025-03-28 12:00:00,GBA,4645.17
2025-03-28 13:00:00,GBA,4696.12
2025-03-28 14:00:00,GBA,4607.31
2025-03-28 15:00:00,GBA,4902.2
2025-03-28 16:00:00,GBA,4508.72
2025-03-28 17:00:00,GBA,4554.52
2025-03-28 18:00:00,GBA,4671.24
2025-03-28 19:00:00,GBA,4692.45
2025-03-28 20:00:00,GBA,4434.15
2025-03-28 21:00:00,GBA,4750.03
2025-03-28 22:00:00,GBA,4413.94
2025-03-28 23:00:00,GBA,4584.05
2025-03-29 00:00:00,GBA,4540.65
2025-03-29 01:00:00,GBA,4486.63
2025-03-29 02:00:00,GBA,4701.45
2025-03-29 03:00:00,GBA,4277.59
2025-03-29 04:00:00,GBA,4465.22
2025-03-29 05:00:00,GBA,4438.15
2025-03-29 06:00:00,GBA,4644.96
2025-03-29 07:00:00,GBA,4719.44
2025-03-29 08:00:00,GBA,4619.82
2025-03-29 09:00:00,GBA,4687.52
2025-03-29 10:00:00,GBA,4246.45
2025-03-29 11:00:00,GBA,4526.33
2025-03-29 12:00:00,GBA,4334.04
2025-03-29 13:00:00,GBA,4448.33
2025-03-29 14:00:00,GBA,4516.06
2025-03-29 15:00:00,GBA,4491.47
2025-03-29 16:00:00,GBA,4638.69
2025-03-29 17:00:00,GBA,4229.74
2025-03-29 18:00:00,GBA,4360.56
2025-03-29 19:00:00,GBA,4276.96
2025-03-29 20:00:00,GBA,4251.9
2025-03-29 21:00:00,GBA,4563.3
2025-03-29 22:00:00,GBA,4458.72
2025-03-29 23:00:00,GBA,4618.01
2025-03-30 00:00:00,GBA,4568.02
2025-03-30 01:00:00,GBA,4428.75
2025-03-30 02:00:00,GBA,4299.21
2025-03-30 03:00:00,GBA,4529.8
2025-03-30 04:00:00,GBA,4323.25
2025-03-30 05:00:00,GBA,4258.02
2025-03-30 06:00:00,GBA,4259.88
2025-03-30 07:00:00,GBA,4408.81
2025-03-30 08:00:00,GBA,4542.6
2025-03-30 09:00:00,GBA,4393.9
2025-03-30 10:00:00,GBA,4531.67
2025-03-30 11:00:00,GBA,4393.19
2025-03-30 12:00:00,GBA,4328.87
2025-03-30 13:00:00,GBA,4704.74
2025-03-30 14:00:00,GBA,4595.23
2025-03-30 15:00:00,GBA,4399.2
2025-03-30 16:00:00,GBA,4274.95
2025-03-30 17:00:00,GBA,4181.34
2025-03-30 18:00:00,GBA,4422.58
2025-03-30 19:00:00,GBA,4344.14
2025-03-30 20:00:00,GBA,4431.62
2025-03-30 21:00:00,GBA,4415.53
2025-03-30 22:00:00,GBA,4430.71
2025-03-30 23:00:00,GBA,4517.43
2025-03-31 00:00:00,GBA,4420.48
2025-03-31 01:00:00,GBA,4298.8
2025-03-31 02:00:00,GBA,4296.4
2025-03-31 03:00:00,GBA,4462.52
2025-03-31 04:00:00,GBA,4268.03
2025-03-31 05:00:00,GBA,4487.38
2025-03-31 06:00:00,GBA,4491.84
2025-03-31 07:00:00,GBA,4406.26
2025-03-31 08:00:00,GBA,4323.56
2025-03-31 09:00:00,GBA,4210.41
2025-03-31 10:00:00,GBA,4295.35
2025-03-31 11:00:00,GBA,4242.2
2025-03-31 12:00:00,GBA,4448.01
2025-03-31 13:00:00,GBA,4399.64
2025-03-31 14:00:00,GBA,4350.56
2025-03-31 15:00:00,GBA,4574.47
2025-03-31 16:00:00,GBA,4494.4
2025-03-31 17:00:00,GBA,4494.11
2025-03-31 18:00:00,GBA,4565.28
2025-03-31 19:00:00,GBA,4632.97
2025-03-31 20:00:00,GBA,4326.91
2025-03-31 21:00:00,GBA,4615.08
2025-03-31 22:00:00,GBA,4324.58
2025-03-31 23:00:00,GBA,4458.06
